2026-04-07 09:38:19,873 INFO yuri name-call branch fired: cr=False mr=False content='This server is as gay as it can be, Digitan.'
2026-04-07 09:38:45,751 INFO yuri name-call branch fired: cr=False mr=False content='Digitan, you cutie'
2026-04-07 09:49:37,174 INFO Debug log file initialized at C:\Users\samth\OneDrive\Desktop\School Stuff\IncubatorV2\The Digitan Files\bot_debug.log
2026-04-07 09:51:13,181 INFO Debug log file initialized at C:\Users\samth\OneDrive\Desktop\School Stuff\IncubatorV2\The Digitan Files\bot_debug.log
2026-04-07 09:51:19,183 INFO on_ready fired for Agnes Digitan#4286 (id=1490021973072412734), guild_count=3
2026-04-07 09:59:45,721 INFO Debug log file initialized at C:\Users\samth\OneDrive\Desktop\School Stuff\IncubatorV2\The Digitan Files\bot_debug.log
2026-04-07 09:59:49,404 INFO on_ready fired for Agnes Digitan#4286 (id=1490021973072412734), guild_count=3
2026-04-07 09:59:59,069 INFO ✓ CREATOR detected via name: 'yaboiplappers' == 'yaboiplappers'
2026-04-07 09:59:59,070 INFO ✗ NOT mother 'yaboiplappers': name='yaboiplappers'(False), global='ᕈᒐᗣᕈ'(False), display='Samuel'(False), expected='elindy'
2026-04-07 09:59:59,070 INFO ✓ CREATOR detected via name: 'yaboiplappers' == 'yaboiplappers'
2026-04-07 09:59:59,070 INFO greeting_type=morning cr=True mr=False author.name='yaboiplappers' author.global_name='ᕈᒐᗣᕈ' author.display_name='Samuel' content='Good Morning Digitan'
2026-04-07 09:59:59,070 INFO using_pool=CREATOR_MORNING
2026-04-07 10:00:04,906 INFO ✓ CREATOR detected via name: 'yaboiplappers' == 'yaboiplappers'
2026-04-07 10:00:04,906 INFO ✗ NOT mother 'yaboiplappers': name='yaboiplappers'(False), global='ᕈᒐᗣᕈ'(False), display='Samuel'(False), expected='elindy'
2026-04-07 10:00:04,906 INFO ✓ CREATOR detected via name: 'yaboiplappers' == 'yaboiplappers'
2026-04-07 10:00:09,333 INFO ✓ CREATOR detected via name: 'yaboiplappers' == 'yaboiplappers'
2026-04-07 10:00:09,333 INFO ✗ NOT mother 'yaboiplappers': name='yaboiplappers'(False), global='ᕈᒐᗣᕈ'(False), display='Samuel'(False), expected='elindy'
2026-04-07 10:00:09,333 INFO ✓ CREATOR detected via name: 'yaboiplappers' == 'yaboiplappers'
2026-04-07 10:00:18,577 INFO ✓ CREATOR detected via name: 'yaboiplappers' == 'yaboiplappers'
2026-04-07 10:00:18,577 INFO ✗ NOT mother 'yaboiplappers': name='yaboiplappers'(False), global='ᕈᒐᗣᕈ'(False), display='Samuel'(False), expected='elindy'
2026-04-07 10:00:18,577 INFO ✓ CREATOR detected via name: 'yaboiplappers' == 'yaboiplappers'
2026-04-07 10:00:18,577 INFO yuri name-call branch fired: cr=True mr=False content='DIGITAN I FIXED YOU'
2026-04-07 10:00:33,633 INFO ✓ CREATOR detected via name: 'yaboiplappers' == 'yaboiplappers'
2026-04-07 10:00:33,635 INFO ✗ NOT mother 'yaboiplappers': name='yaboiplappers'(False), global='ᕈᒐᗣᕈ'(False), display='Samuel'(False), expected='elindy'
2026-04-07 10:00:33,635 INFO ✓ CREATOR detected via name: 'yaboiplappers' == 'yaboiplappers'
2026-04-07 10:00:33,635 INFO greeting_type=evening cr=True mr=False author.name='yaboiplappers' author.global_name='ᕈᒐᗣᕈ' author.display_name='Samuel' content='Good Evening Digitan'
2026-04-07 10:00:33,635 INFO using_pool=CREATOR_EVENING
2026-04-07 10:00:39,999 INFO ✓ CREATOR detected via name: 'yaboiplappers' == 'yaboiplappers'
2026-04-07 10:00:40,000 INFO ✗ NOT mother 'yaboiplappers': name='yaboiplappers'(False), global='ᕈᒐᗣᕈ'(False), display='Samuel'(False), expected='elindy'
2026-04-07 10:00:40,000 INFO ✓ CREATOR detected via name: 'yaboiplappers' == 'yaboiplappers'
2026-04-07 10:00:48,146 INFO ✗ NOT creator 'ch1ch0mp3r': name='ch1ch0mp3r'(False), global='Chichomper'(False), display='Chomp'(False), expected='yaboiplappers'
2026-04-07 10:00:48,146 INFO ✗ NOT mother 'ch1ch0mp3r': name='ch1ch0mp3r'(False), global='Chichomper'(False), display='Chomp'(False), expected='elindy'
2026-04-07 10:00:50,308 INFO ✓ CREATOR detected via name: 'yaboiplappers' == 'yaboiplappers'
2026-04-07 10:00:50,308 INFO ✗ NOT mother 'yaboiplappers': name='yaboiplappers'(False), global='ᕈᒐᗣᕈ'(False), display='ᕈᒐᗣᕈ'(False), expected='elindy'
2026-04-07 10:00:50,308 INFO ✓ CREATOR detected via name: 'yaboiplappers' == 'yaboiplappers'
2026-04-07 10:00:54,034 INFO ✗ NOT creator 'ch1ch0mp3r': name='ch1ch0mp3r'(False), global='Chichomper'(False), display='Chomp'(False), expected='yaboiplappers'
2026-04-07 10:00:54,034 INFO ✗ NOT mother 'ch1ch0mp3r': name='ch1ch0mp3r'(False), global='Chichomper'(False), display='Chomp'(False), expected='elindy'
2026-04-07 10:00:54,308 INFO ✓ CREATOR detected via name: 'yaboiplappers' == 'yaboiplappers'
2026-04-07 10:00:54,308 INFO ✗ NOT mother 'yaboiplappers': name='yaboiplappers'(False), global='ᕈᒐᗣᕈ'(False), display='ᕈᒐᗣᕈ'(False), expected='elindy'
2026-04-07 10:00:54,308 INFO ✓ CREATOR detected via name: 'yaboiplappers' == 'yaboiplappers'
2026-04-07 10:00:54,308 INFO greeting_type=morning cr=True mr=False author.name='yaboiplappers' author.global_name='ᕈᒐᗣᕈ' author.display_name='ᕈᒐᗣᕈ' content='Good Morning Digitan'
2026-04-07 10:00:54,308 INFO using_pool=CREATOR_MORNING
2026-04-07 10:01:11,997 INFO ✓ CREATOR detected via name: 'yaboiplappers' == 'yaboiplappers'
2026-04-07 10:01:11,997 INFO ✗ NOT mother 'yaboiplappers': name='yaboiplappers'(False), global='ᕈᒐᗣᕈ'(False), display='ᕈᒐᗣᕈ'(False), expected='elindy'
2026-04-07 10:01:11,997 INFO ✓ CREATOR detected via name: 'yaboiplappers' == 'yaboiplappers'
2026-04-07 10:01:20,860 INFO ✗ NOT creator 'museofthem': name='museofthem'(False), global='muse'(False), display='baleth'(False), expected='yaboiplappers'
2026-04-07 10:01:20,860 INFO ✗ NOT mother 'museofthem': name='museofthem'(False), global='muse'(False), display='baleth'(False), expected='elindy'
2026-04-07 10:01:23,122 INFO ✓ CREATOR detected via name: 'yaboiplappers' == 'yaboiplappers'
2026-04-07 10:01:23,122 INFO ✗ NOT mother 'yaboiplappers': name='yaboiplappers'(False), global='ᕈᒐᗣᕈ'(False), display='ᕈᒐᗣᕈ'(False), expected='elindy'
2026-04-07 10:01:23,122 INFO ✓ CREATOR detected via name: 'yaboiplappers' == 'yaboiplappers'
2026-04-07 10:01:31,224 INFO ✗ NOT creator 'museofthem': name='museofthem'(False), global='muse'(False), display='baleth'(False), expected='yaboiplappers'
2026-04-07 10:01:31,224 INFO ✗ NOT mother 'museofthem': name='museofthem'(False), global='muse'(False), display='baleth'(False), expected='elindy'
2026-04-07 10:01:31,225 INFO yuri name-call branch fired: cr=False mr=False content='Digitan you’re wonderful'
2026-04-07 10:01:37,399 INFO ✓ CREATOR detected via name: 'yaboiplappers' == 'yaboiplappers'
2026-04-07 10:01:37,400 INFO ✗ NOT mother 'yaboiplappers': name='yaboiplappers'(False), global='ᕈᒐᗣᕈ'(False), display='ᕈᒐᗣᕈ'(False), expected='elindy'
2026-04-07 10:01:37,400 INFO ✓ CREATOR detected via name: 'yaboiplappers' == 'yaboiplappers'
2026-04-07 10:01:43,145 INFO ✗ NOT creator 'museofthem': name='museofthem'(False), global='muse'(False), display='baleth'(False), expected='yaboiplappers'
2026-04-07 10:01:43,145 INFO ✗ NOT mother 'museofthem': name='museofthem'(False), global='muse'(False), display='baleth'(False), expected='elindy'
2026-04-07 10:01:45,826 INFO ✓ CREATOR detected via name: 'yaboiplappers' == 'yaboiplappers'
2026-04-07 10:01:45,826 INFO ✗ NOT mother 'yaboiplappers': name='yaboiplappers'(False), global='ᕈᒐᗣᕈ'(False), display='ᕈᒐᗣᕈ'(False), expected='elindy'
2026-04-07 10:01:45,826 INFO ✓ CREATOR detected via name: 'yaboiplappers' == 'yaboiplappers'
2026-04-07 10:01:53,914 INFO ✓ CREATOR detected via name: 'yaboiplappers' == 'yaboiplappers'
2026-04-07 10:01:53,915 INFO ✗ NOT mother 'yaboiplappers': name='yaboiplappers'(False), global='ᕈᒐᗣᕈ'(False), display='ᕈᒐᗣᕈ'(False), expected='elindy'
2026-04-07 10:02:07,977 INFO ✓ CREATOR detected via name: 'yaboiplappers' == 'yaboiplappers'
2026-04-07 10:02:07,977 INFO ✗ NOT mother 'yaboiplappers': name='yaboiplappers'(False), global='ᕈᒐᗣᕈ'(False), display='ᕈᒐᗣᕈ'(False), expected='elindy'
2026-04-07 10:02:07,977 INFO ✓ CREATOR detected via name: 'yaboiplappers' == 'yaboiplappers'
2026-04-07 10:02:18,067 INFO ✗ NOT creator 'ch1ch0mp3r': name='ch1ch0mp3r'(False), global='Chichomper'(False), display='Chomp'(False), expected='yaboiplappers'
2026-04-07 10:02:18,067 INFO ✗ NOT mother 'ch1ch0mp3r': name='ch1ch0mp3r'(False), global='Chichomper'(False), display='Chomp'(False), expected='elindy'
2026-04-07 10:02:29,664 INFO ✗ NOT creator 'museofthem': name='museofthem'(False), global='muse'(False), display='baleth'(False), expected='yaboiplappers'
2026-04-07 10:02:29,664 INFO ✗ NOT mother 'museofthem': name='museofthem'(False), global='muse'(False), display='baleth'(False), expected='elindy'
2026-04-07 10:02:29,664 INFO yuri name-call branch fired: cr=False mr=False content='Digitan you’re great'
2026-04-07 10:02:49,400 INFO ✗ NOT creator 'ch1ch0mp3r': name='ch1ch0mp3r'(False), global='Chichomper'(False), display='Chomp'(False), expected='yaboiplappers'
2026-04-07 10:02:49,400 INFO ✗ NOT mother 'ch1ch0mp3r': name='ch1ch0mp3r'(False), global='Chichomper'(False), display='Chomp'(False), expected='elindy'
2026-04-07 10:02:53,843 INFO ✗ NOT creator 'museofthem': name='museofthem'(False), global='muse'(False), display='baleth'(False), expected='yaboiplappers'
2026-04-07 10:02:53,843 INFO ✗ NOT mother 'museofthem': name='museofthem'(False), global='muse'(False), display='baleth'(False), expected='elindy'
2026-04-07 10:03:01,670 INFO ✓ CREATOR detected via name: 'yaboiplappers' == 'yaboiplappers'
2026-04-07 10:03:01,670 INFO ✗ NOT mother 'yaboiplappers': name='yaboiplappers'(False), global='ᕈᒐᗣᕈ'(False), display='ᕈᒐᗣᕈ'(False), expected='elindy'
2026-04-07 10:03:01,671 INFO ✓ CREATOR detected via name: 'yaboiplappers' == 'yaboiplappers'
2026-04-07 10:03:09,820 INFO ✓ CREATOR detected via name: 'yaboiplappers' == 'yaboiplappers'
2026-04-07 10:03:09,820 INFO ✗ NOT mother 'yaboiplappers': name='yaboiplappers'(False), global='ᕈᒐᗣᕈ'(False), display='ᕈᒐᗣᕈ'(False), expected='elindy'
2026-04-07 10:03:09,820 INFO ✓ CREATOR detected via name: 'yaboiplappers' == 'yaboiplappers'
2026-04-07 10:03:10,822 INFO ✗ NOT creator 'potytasghost': name='potytasghost'(False), global='Potyta'(False), display='Potytarattatatatatata'(False), expected='yaboiplappers'
2026-04-07 10:03:10,822 INFO ✗ NOT mother 'potytasghost': name='potytasghost'(False), global='Potyta'(False), display='Potytarattatatatatata'(False), expected='elindy'
2026-04-07 10:03:23,189 INFO ✗ NOT creator 'ch1ch0mp3r': name='ch1ch0mp3r'(False), global='Chichomper'(False), display='Chomp'(False), expected='yaboiplappers'
2026-04-07 10:03:23,189 INFO ✗ NOT mother 'ch1ch0mp3r': name='ch1ch0mp3r'(False), global='Chichomper'(False), display='Chomp'(False), expected='elindy'
2026-04-07 10:03:38,864 INFO ✓ CREATOR detected via name: 'yaboiplappers' == 'yaboiplappers'
2026-04-07 10:03:38,864 INFO ✗ NOT mother 'yaboiplappers': name='yaboiplappers'(False), global='ᕈᒐᗣᕈ'(False), display='ᕈᒐᗣᕈ'(False), expected='elindy'
2026-04-07 10:03:38,864 INFO ✓ CREATOR detected via name: 'yaboiplappers' == 'yaboiplappers'
2026-04-07 10:03:42,168 INFO ✗ NOT creator 'ch1ch0mp3r': name='ch1ch0mp3r'(False), global='Chichomper'(False), display='Chomp'(False), expected='yaboiplappers'
2026-04-07 10:03:42,168 INFO ✗ NOT mother 'ch1ch0mp3r': name='ch1ch0mp3r'(False), global='Chichomper'(False), display='Chomp'(False), expected='elindy'
2026-04-07 10:03:53,084 INFO ✓ CREATOR detected via name: 'yaboiplappers' == 'yaboiplappers'
2026-04-07 10:03:53,084 INFO ✗ NOT mother 'yaboiplappers': name='yaboiplappers'(False), global='ᕈᒐᗣᕈ'(False), display='ᕈᒐᗣᕈ'(False), expected='elindy'
2026-04-07 10:03:53,084 INFO ✓ CREATOR detected via name: 'yaboiplappers' == 'yaboiplappers'
2026-04-07 10:03:58,215 INFO ✗ NOT creator 'ch1ch0mp3r': name='ch1ch0mp3r'(False), global='Chichomper'(False), display='Chomp'(False), expected='yaboiplappers'
2026-04-07 10:03:58,215 INFO ✗ NOT mother 'ch1ch0mp3r': name='ch1ch0mp3r'(False), global='Chichomper'(False), display='Chomp'(False), expected='elindy'
2026-04-07 10:04:13,895 INFO ✗ NOT creator 'ch1ch0mp3r': name='ch1ch0mp3r'(False), global='Chichomper'(False), display='Chomp'(False), expected='yaboiplappers'
2026-04-07 10:04:13,895 INFO ✗ NOT mother 'ch1ch0mp3r': name='ch1ch0mp3r'(False), global='Chichomper'(False), display='Chomp'(False), expected='elindy'
2026-04-07 10:04:40,549 INFO ✓ CREATOR detected via name: 'yaboiplappers' == 'yaboiplappers'
2026-04-07 10:04:40,550 INFO ✗ NOT mother 'yaboiplappers': name='yaboiplappers'(False), global='ᕈᒐᗣᕈ'(False), display='ᕈᒐᗣᕈ'(False), expected='elindy'
2026-04-07 10:04:40,550 INFO ✓ CREATOR detected via name: 'yaboiplappers' == 'yaboiplappers'
2026-04-07 10:04:56,107 INFO ✗ NOT creator 'museofthem': name='museofthem'(False), global='muse'(False), display='baleth'(False), expected='yaboiplappers'
2026-04-07 10:04:56,107 INFO ✗ NOT mother 'museofthem': name='museofthem'(False), global='muse'(False), display='baleth'(False), expected='elindy'
2026-04-07 10:05:04,795 INFO ✓ CREATOR detected via name: 'yaboiplappers' == 'yaboiplappers'
2026-04-07 10:05:04,795 INFO ✗ NOT mother 'yaboiplappers': name='yaboiplappers'(False), global='ᕈᒐᗣᕈ'(False), display='ᕈᒐᗣᕈ'(False), expected='elindy'
2026-04-07 10:05:04,795 INFO ✓ CREATOR detected via name: 'yaboiplappers' == 'yaboiplappers'
2026-04-07 10:05:11,629 INFO ✓ CREATOR detected via name: 'yaboiplappers' == 'yaboiplappers'
2026-04-07 10:05:11,630 INFO ✗ NOT mother 'yaboiplappers': name='yaboiplappers'(False), global='ᕈᒐᗣᕈ'(False), display='ᕈᒐᗣᕈ'(False), expected='elindy'
2026-04-07 10:05:11,630 INFO ✓ CREATOR detected via name: 'yaboiplappers' == 'yaboiplappers'
2026-04-07 10:05:24,311 INFO ✗ NOT creator 'museofthem': name='museofthem'(False), global='muse'(False), display='baleth'(False), expected='yaboiplappers'
2026-04-07 10:05:24,311 INFO ✗ NOT mother 'museofthem': name='museofthem'(False), global='muse'(False), display='baleth'(False), expected='elindy'
2026-04-07 10:05:31,419 INFO ✗ NOT creator 'ch1ch0mp3r': name='ch1ch0mp3r'(False), global='Chichomper'(False), display='Chomp'(False), expected='yaboiplappers'
2026-04-07 10:05:31,419 INFO ✗ NOT mother 'ch1ch0mp3r': name='ch1ch0mp3r'(False), global='Chichomper'(False), display='Chomp'(False), expected='elindy'
2026-04-07 10:05:40,037 INFO ✓ CREATOR detected via name: 'yaboiplappers' == 'yaboiplappers'
2026-04-07 10:05:40,037 INFO ✗ NOT mother 'yaboiplappers': name='yaboiplappers'(False), global='ᕈᒐᗣᕈ'(False), display='ᕈᒐᗣᕈ'(False), expected='elindy'
2026-04-07 10:05:40,037 INFO ✓ CREATOR detected via name: 'yaboiplappers' == 'yaboiplappers'
2026-04-07 10:05:46,106 INFO ✗ NOT creator 'museofthem': name='museofthem'(False), global='muse'(False), display='baleth'(False), expected='yaboiplappers'
2026-04-07 10:05:46,106 INFO ✗ NOT mother 'museofthem': name='museofthem'(False), global='muse'(False), display='baleth'(False), expected='elindy'
2026-04-07 10:05:53,348 INFO ✗ NOT creator 'museofthem': name='museofthem'(False), global='muse'(False), display='baleth'(False), expected='yaboiplappers'
2026-04-07 10:05:53,348 INFO ✗ NOT mother 'museofthem': name='museofthem'(False), global='muse'(False), display='baleth'(False), expected='elindy'
2026-04-07 10:05:58,951 INFO ✓ CREATOR detected via name: 'yaboiplappers' == 'yaboiplappers'
2026-04-07 10:05:58,952 INFO ✗ NOT mother 'yaboiplappers': name='yaboiplappers'(False), global='ᕈᒐᗣᕈ'(False), display='ᕈᒐᗣᕈ'(False), expected='elindy'
2026-04-07 10:05:58,952 INFO ✓ CREATOR detected via name: 'yaboiplappers' == 'yaboiplappers'
2026-04-07 10:06:26,758 INFO ✓ CREATOR detected via name: 'yaboiplappers' == 'yaboiplappers'
2026-04-07 10:06:26,758 INFO ✗ NOT mother 'yaboiplappers': name='yaboiplappers'(False), global='ᕈᒐᗣᕈ'(False), display='ᕈᒐᗣᕈ'(False), expected='elindy'
2026-04-07 10:06:26,758 INFO ✓ CREATOR detected via name: 'yaboiplappers' == 'yaboiplappers'
2026-04-07 10:07:11,377 INFO ✗ NOT creator 'ch1ch0mp3r': name='ch1ch0mp3r'(False), global='Chichomper'(False), display='Chomp'(False), expected='yaboiplappers'
2026-04-07 10:07:11,377 INFO ✗ NOT mother 'ch1ch0mp3r': name='ch1ch0mp3r'(False), global='Chichomper'(False), display='Chomp'(False), expected='elindy'
2026-04-07 10:08:23,026 INFO ✗ NOT creator 'nanasoda': name='nanasoda'(False), global='nana'(False), display='Keith'(False), expected='yaboiplappers'
2026-04-07 10:08:23,026 INFO ✗ NOT mother 'nanasoda': name='nanasoda'(False), global='nana'(False), display='Keith'(False), expected='elindy'
2026-04-07 10:08:41,696 INFO ✗ NOT creator 'nanasoda': name='nanasoda'(False), global='nana'(False), display='Keith'(False), expected='yaboiplappers'
2026-04-07 10:08:41,696 INFO ✗ NOT mother 'nanasoda': name='nanasoda'(False), global='nana'(False), display='Keith'(False), expected='elindy'
2026-04-07 10:08:41,696 INFO greeting_type=morning cr=False mr=False author.name='nanasoda' author.global_name='nana' author.display_name='Keith' content='digitan respons to glue factory but not on good morning hahaha'
2026-04-07 10:08:41,696 INFO using_pool=PUBLIC_MORNING
2026-04-07 10:08:52,630 INFO ✗ NOT creator 'nanasoda': name='nanasoda'(False), global='nana'(False), display='Keith'(False), expected='yaboiplappers'
2026-04-07 10:08:52,630 INFO ✗ NOT mother 'nanasoda': name='nanasoda'(False), global='nana'(False), display='Keith'(False), expected='elindy'
2026-04-07 10:09:10,891 INFO ✗ NOT creator 'nanasoda': name='nanasoda'(False), global='nana'(False), display='○ˋ  w  ˊ○'(False), expected='yaboiplappers'
2026-04-07 10:09:10,891 INFO ✗ NOT mother 'nanasoda': name='nanasoda'(False), global='nana'(False), display='○ˋ  w  ˊ○'(False), expected='elindy'
2026-04-07 10:09:28,931 INFO ✓ CREATOR detected via name: 'yaboiplappers' == 'yaboiplappers'
2026-04-07 10:09:28,931 INFO ✗ NOT mother 'yaboiplappers': name='yaboiplappers'(False), global='ᕈᒐᗣᕈ'(False), display='ᕈᒐᗣᕈ'(False), expected='elindy'
2026-04-07 10:09:28,931 INFO ✓ CREATOR detected via name: 'yaboiplappers' == 'yaboiplappers'
2026-04-07 10:10:09,873 INFO ✗ NOT creator 'ch1ch0mp3r': name='ch1ch0mp3r'(False), global='Chichomper'(False), display='Chomp'(False), expected='yaboiplappers'
2026-04-07 10:10:09,873 INFO ✗ NOT mother 'ch1ch0mp3r': name='ch1ch0mp3r'(False), global='Chichomper'(False), display='Chomp'(False), expected='elindy'
2026-04-07 10:11:03,706 INFO Debug log file initialized at C:\Users\samth\OneDrive\Desktop\School Stuff\IncubatorV2\The Digitan Files\bot_debug.log
2026-04-07 10:11:07,439 INFO on_ready fired for Agnes Digitan#4286 (id=1490021973072412734), guild_count=3
2026-04-07 10:11:32,336 INFO ✓ CREATOR detected via name: 'yaboiplappers' == 'yaboiplappers'
2026-04-07 10:11:32,336 INFO ✗ NOT mother 'yaboiplappers': name='yaboiplappers'(False), global='ᕈᒐᗣᕈ'(False), display='Zets'(False), expected='elindy'
2026-04-07 10:11:32,336 INFO ✓ CREATOR detected via name: 'yaboiplappers' == 'yaboiplappers'
2026-04-07 10:11:32,336 INFO greeting_type=morning cr=True mr=False author.name='yaboiplappers' author.global_name='ᕈᒐᗣᕈ' author.display_name='Zets' content='Good Morning Digitan~'
2026-04-07 10:11:32,336 INFO using_pool=CREATOR_MORNING
2026-04-07 10:11:32,341 INFO ✓ CREATOR detected via name: 'yaboiplappers' == 'yaboiplappers'
2026-04-07 10:11:32,341 INFO ✗ NOT mother 'yaboiplappers': name='yaboiplappers'(False), global='ᕈᒐᗣᕈ'(False), display='Zets'(False), expected='elindy'
2026-04-07 10:11:32,341 INFO ✓ CREATOR detected via name: 'yaboiplappers' == 'yaboiplappers'
2026-04-07 10:11:32,341 INFO greeting_type=morning cr=True mr=False author.name='yaboiplappers' author.global_name='ᕈᒐᗣᕈ' author.display_name='Zets' content='Good Morning Digitan~'
2026-04-07 10:11:32,341 INFO using_pool=CREATOR_MORNING
2026-04-07 10:11:48,113 INFO ✓ CREATOR detected via name: 'yaboiplappers' == 'yaboiplappers'
2026-04-07 10:11:48,113 INFO ✗ NOT mother 'yaboiplappers': name='yaboiplappers'(False), global='ᕈᒐᗣᕈ'(False), display='Zets'(False), expected='elindy'
2026-04-07 10:11:48,113 INFO ✓ CREATOR detected via name: 'yaboiplappers' == 'yaboiplappers'
2026-04-07 10:11:48,113 INFO ✓ CREATOR detected via name: 'yaboiplappers' == 'yaboiplappers'
2026-04-07 10:11:48,114 INFO ✗ NOT mother 'yaboiplappers': name='yaboiplappers'(False), global='ᕈᒐᗣᕈ'(False), display='Zets'(False), expected='elindy'
2026-04-07 10:11:48,114 INFO ✓ CREATOR detected via name: 'yaboiplappers' == 'yaboiplappers'
2026-04-07 10:11:53,744 INFO ✓ CREATOR detected via name: 'yaboiplappers' == 'yaboiplappers'
2026-04-07 10:11:53,744 INFO ✗ NOT mother 'yaboiplappers': name='yaboiplappers'(False), global='ᕈᒐᗣᕈ'(False), display='Zets'(False), expected='elindy'
2026-04-07 10:11:53,744 INFO ✓ CREATOR detected via name: 'yaboiplappers' == 'yaboiplappers'
2026-04-07 10:11:53,749 INFO ✓ CREATOR detected via name: 'yaboiplappers' == 'yaboiplappers'
2026-04-07 10:11:53,750 INFO ✗ NOT mother 'yaboiplappers': name='yaboiplappers'(False), global='ᕈᒐᗣᕈ'(False), display='Zets'(False), expected='elindy'
2026-04-07 10:11:53,750 INFO ✓ CREATOR detected via name: 'yaboiplappers' == 'yaboiplappers'
2026-04-07 10:12:10,835 INFO ✓ CREATOR detected via name: 'yaboiplappers' == 'yaboiplappers'
2026-04-07 10:12:10,835 INFO ✗ NOT mother 'yaboiplappers': name='yaboiplappers'(False), global='ᕈᒐᗣᕈ'(False), display='Zets'(False), expected='elindy'
2026-04-07 10:12:10,835 INFO ✓ CREATOR detected via name: 'yaboiplappers' == 'yaboiplappers'
2026-04-07 10:12:10,837 INFO ✓ CREATOR detected via name: 'yaboiplappers' == 'yaboiplappers'
2026-04-07 10:12:10,837 INFO ✗ NOT mother 'yaboiplappers': name='yaboiplappers'(False), global='ᕈᒐᗣᕈ'(False), display='Zets'(False), expected='elindy'
2026-04-07 10:12:10,837 INFO ✓ CREATOR detected via name: 'yaboiplappers' == 'yaboiplappers'
2026-04-07 10:12:10,892 INFO ✗ NOT creator 'nanasoda': name='nanasoda'(False), global='nana'(False), display='○ˋ  w  ˊ○'(False), expected='yaboiplappers'
2026-04-07 10:12:10,892 INFO ✗ NOT mother 'nanasoda': name='nanasoda'(False), global='nana'(False), display='○ˋ  w  ˊ○'(False), expected='elindy'
2026-04-07 10:12:10,902 INFO ✗ NOT creator 'nanasoda': name='nanasoda'(False), global='nana'(False), display='○ˋ  w  ˊ○'(False), expected='yaboiplappers'
2026-04-07 10:12:10,902 INFO ✗ NOT mother 'nanasoda': name='nanasoda'(False), global='nana'(False), display='○ˋ  w  ˊ○'(False), expected='elindy'
2026-04-07 10:16:05,692 INFO Debug log file initialized at C:\Users\samth\OneDrive\Desktop\School Stuff\IncubatorV2\The Digitan Files\bot_debug.log
2026-04-07 10:16:09,309 INFO on_ready fired for Agnes Digitan#4286 (id=1490021973072412734), guild_count=3
2026-04-07 10:16:53,146 INFO ✓ CREATOR detected via name: 'yaboiplappers' == 'yaboiplappers'
2026-04-07 10:16:53,146 INFO ✗ NOT mother 'yaboiplappers': name='yaboiplappers'(False), global='ᕈᒐᗣᕈ'(False), display='Samuel'(False), expected='elindy'
2026-04-07 10:16:53,146 INFO ✓ CREATOR detected via name: 'yaboiplappers' == 'yaboiplappers'
2026-04-07 10:16:53,146 INFO greeting_type=morning cr=True mr=False author.name='yaboiplappers' author.global_name='ᕈᒐᗣᕈ' author.display_name='Samuel' content='Morning Digitan'
2026-04-07 10:16:53,146 INFO using_pool=CREATOR_MORNING
2026-04-07 10:17:02,532 INFO ✓ CREATOR detected via name: 'yaboiplappers' == 'yaboiplappers'
2026-04-07 10:17:02,532 INFO ✗ NOT mother 'yaboiplappers': name='yaboiplappers'(False), global='ᕈᒐᗣᕈ'(False), display='Samuel'(False), expected='elindy'
2026-04-07 10:17:02,532 INFO ✓ CREATOR detected via name: 'yaboiplappers' == 'yaboiplappers'
2026-04-07 10:17:02,532 INFO greeting_type=evening cr=True mr=False author.name='yaboiplappers' author.global_name='ᕈᒐᗣᕈ' author.display_name='Samuel' content='Evening Digitan'
2026-04-07 10:17:02,532 INFO using_pool=CREATOR_EVENING
2026-04-07 10:17:13,055 INFO ✓ CREATOR detected via name: 'yaboiplappers' == 'yaboiplappers'
2026-04-07 10:17:13,055 INFO ✗ NOT mother 'yaboiplappers': name='yaboiplappers'(False), global='ᕈᒐᗣᕈ'(False), display='Samuel'(False), expected='elindy'
2026-04-07 10:17:13,055 INFO ✓ CREATOR detected via name: 'yaboiplappers' == 'yaboiplappers'
2026-04-07 10:17:13,055 INFO greeting_type=night cr=True mr=False author.name='yaboiplappers' author.global_name='ᕈᒐᗣᕈ' author.display_name='Samuel' content='Night Digitan'
2026-04-07 10:17:13,055 INFO using_pool=CREATOR_NIGHT
2026-04-07 10:17:59,115 INFO ✓ CREATOR detected via name: 'yaboiplappers' == 'yaboiplappers'
2026-04-07 10:17:59,115 INFO ✗ NOT mother 'yaboiplappers': name='yaboiplappers'(False), global='ᕈᒐᗣᕈ'(False), display='ᕈᒐᗣᕈ'(False), expected='elindy'
2026-04-07 10:17:59,116 INFO ✓ CREATOR detected via name: 'yaboiplappers' == 'yaboiplappers'
2026-04-07 10:18:16,154 INFO ✓ CREATOR detected via name: 'yaboiplappers' == 'yaboiplappers'
2026-04-07 10:18:16,154 INFO ✗ NOT mother 'yaboiplappers': name='yaboiplappers'(False), global='ᕈᒐᗣᕈ'(False), display='ᕈᒐᗣᕈ'(False), expected='elindy'
2026-04-07 10:18:16,154 INFO ✓ CREATOR detected via name: 'yaboiplappers' == 'yaboiplappers'
2026-04-07 10:20:13,273 INFO ✗ NOT creator 'disc.nix': name='disc.nix'(False), global='ɢᴇɴɪx'(False), display='ɢᴇɴɪx'(False), expected='yaboiplappers'
2026-04-07 10:20:13,273 INFO ✗ NOT mother 'disc.nix': name='disc.nix'(False), global='ɢᴇɴɪx'(False), display='ɢᴇɴɪx'(False), expected='elindy'
2026-04-07 10:20:37,306 INFO ✗ NOT creator 'disc.nix': name='disc.nix'(False), global='ɢᴇɴɪx'(False), display='ɢᴇɴɪx'(False), expected='yaboiplappers'
2026-04-07 10:20:37,306 INFO ✗ NOT mother 'disc.nix': name='disc.nix'(False), global='ɢᴇɴɪx'(False), display='ɢᴇɴɪx'(False), expected='elindy'
2026-04-07 10:20:37,306 INFO yuri name-call branch fired: cr=False mr=False content='digitan who do you love'
2026-04-07 10:20:45,267 INFO ✗ NOT creator 'disc.nix': name='disc.nix'(False), global='ɢᴇɴɪx'(False), display='ɢᴇɴɪx'(False), expected='yaboiplappers'
2026-04-07 10:20:45,267 INFO ✗ NOT mother 'disc.nix': name='disc.nix'(False), global='ɢᴇɴɪx'(False), display='ɢᴇɴɪx'(False), expected='elindy'
2026-04-07 10:20:45,268 INFO yuri name-call branch fired: cr=False mr=False content='digitan who do you love'
2026-04-07 10:20:51,695 INFO ✓ CREATOR detected via name: 'yaboiplappers' == 'yaboiplappers'
2026-04-07 10:20:51,695 INFO ✗ NOT mother 'yaboiplappers': name='yaboiplappers'(False), global='ᕈᒐᗣᕈ'(False), display='Zets'(False), expected='elindy'
2026-04-07 10:20:51,695 INFO ✓ CREATOR detected via name: 'yaboiplappers' == 'yaboiplappers'
2026-04-07 10:20:51,897 INFO ✗ NOT creator 'disc.nix': name='disc.nix'(False), global='ɢᴇɴɪx'(False), display='ɢᴇɴɪx'(False), expected='yaboiplappers'
2026-04-07 10:20:51,897 INFO ✗ NOT mother 'disc.nix': name='disc.nix'(False), global='ɢᴇɴɪx'(False), display='ɢᴇɴɪx'(False), expected='elindy'
2026-04-07 10:20:56,755 INFO ✓ CREATOR detected via name: 'yaboiplappers' == 'yaboiplappers'
2026-04-07 10:20:56,755 INFO ✗ NOT mother 'yaboiplappers': name='yaboiplappers'(False), global='ᕈᒐᗣᕈ'(False), display='Zets'(False), expected='elindy'
2026-04-07 10:20:56,755 INFO ✓ CREATOR detected via name: 'yaboiplappers' == 'yaboiplappers'
2026-04-07 10:21:01,484 INFO ✓ CREATOR detected via name: 'yaboiplappers' == 'yaboiplappers'
2026-04-07 10:21:01,484 INFO ✗ NOT mother 'yaboiplappers': name='yaboiplappers'(False), global='ᕈᒐᗣᕈ'(False), display='Zets'(False), expected='elindy'
2026-04-07 10:21:01,484 INFO ✓ CREATOR detected via name: 'yaboiplappers' == 'yaboiplappers'
2026-04-07 10:21:04,441 INFO ✗ NOT creator 'disc.nix': name='disc.nix'(False), global='ɢᴇɴɪx'(False), display='ɢᴇɴɪx'(False), expected='yaboiplappers'
2026-04-07 10:21:04,441 INFO ✗ NOT mother 'disc.nix': name='disc.nix'(False), global='ɢᴇɴɪx'(False), display='ɢᴇɴɪx'(False), expected='elindy'
2026-04-07 10:21:06,603 INFO ✓ CREATOR detected via name: 'yaboiplappers' == 'yaboiplappers'
2026-04-07 10:21:06,603 INFO ✗ NOT mother 'yaboiplappers': name='yaboiplappers'(False), global='ᕈᒐᗣᕈ'(False), display='Zets'(False), expected='elindy'
2026-04-07 10:21:06,603 INFO ✓ CREATOR detected via name: 'yaboiplappers' == 'yaboiplappers'
2026-04-07 10:21:15,285 INFO ✗ NOT creator 'disc.nix': name='disc.nix'(False), global='ɢᴇɴɪx'(False), display='ɢᴇɴɪx'(False), expected='yaboiplappers'
2026-04-07 10:21:15,285 INFO ✗ NOT mother 'disc.nix': name='disc.nix'(False), global='ɢᴇɴɪx'(False), display='ɢᴇɴɪx'(False), expected='elindy'
2026-04-07 10:21:24,228 INFO ✗ NOT creator 'disc.nix': name='disc.nix'(False), global='ɢᴇɴɪx'(False), display='ɢᴇɴɪx'(False), expected='yaboiplappers'
2026-04-07 10:21:24,228 INFO ✗ NOT mother 'disc.nix': name='disc.nix'(False), global='ɢᴇɴɪx'(False), display='ɢᴇɴɪx'(False), expected='elindy'
2026-04-07 10:21:24,364 INFO ✓ CREATOR detected via name: 'yaboiplappers' == 'yaboiplappers'
2026-04-07 10:21:24,364 INFO ✗ NOT mother 'yaboiplappers': name='yaboiplappers'(False), global='ᕈᒐᗣᕈ'(False), display='Zets'(False), expected='elindy'
2026-04-07 10:21:24,364 INFO ✓ CREATOR detected via name: 'yaboiplappers' == 'yaboiplappers'
2026-04-07 10:21:31,410 INFO ✗ NOT creator 'disc.nix': name='disc.nix'(False), global='ɢᴇɴɪx'(False), display='ɢᴇɴɪx'(False), expected='yaboiplappers'
2026-04-07 10:21:31,410 INFO ✗ NOT mother 'disc.nix': name='disc.nix'(False), global='ɢᴇɴɪx'(False), display='ɢᴇɴɪx'(False), expected='elindy'
2026-04-07 10:21:31,410 INFO yuri name-call branch fired: cr=False mr=False content='digitan are you gay'
2026-04-07 10:21:31,564 INFO ✓ CREATOR detected via name: 'yaboiplappers' == 'yaboiplappers'
2026-04-07 10:21:31,564 INFO ✗ NOT mother 'yaboiplappers': name='yaboiplappers'(False), global='ᕈᒐᗣᕈ'(False), display='Zets'(False), expected='elindy'
2026-04-07 10:21:31,564 INFO ✓ CREATOR detected via name: 'yaboiplappers' == 'yaboiplappers'
2026-04-07 10:21:37,985 INFO ✗ NOT creator 'disc.nix': name='disc.nix'(False), global='ɢᴇɴɪx'(False), display='ɢᴇɴɪx'(False), expected='yaboiplappers'
2026-04-07 10:21:37,985 INFO ✗ NOT mother 'disc.nix': name='disc.nix'(False), global='ɢᴇɴɪx'(False), display='ɢᴇɴɪx'(False), expected='elindy'
2026-04-07 10:21:44,240 INFO ✗ NOT creator 'disc.nix': name='disc.nix'(False), global='ɢᴇɴɪx'(False), display='ɢᴇɴɪx'(False), expected='yaboiplappers'
2026-04-07 10:21:44,240 INFO ✗ NOT mother 'disc.nix': name='disc.nix'(False), global='ɢᴇɴɪx'(False), display='ɢᴇɴɪx'(False), expected='elindy'
2026-04-07 10:21:50,369 INFO ✗ NOT creator 'disc.nix': name='disc.nix'(False), global='ɢᴇɴɪx'(False), display='ɢᴇɴɪx'(False), expected='yaboiplappers'
2026-04-07 10:21:50,369 INFO ✗ NOT mother 'disc.nix': name='disc.nix'(False), global='ɢᴇɴɪx'(False), display='ɢᴇɴɪx'(False), expected='elindy'
2026-04-07 10:21:53,371 INFO ✓ CREATOR detected via name: 'yaboiplappers' == 'yaboiplappers'
2026-04-07 10:21:53,371 INFO ✗ NOT mother 'yaboiplappers': name='yaboiplappers'(False), global='ᕈᒐᗣᕈ'(False), display='Zets'(False), expected='elindy'
2026-04-07 10:21:53,371 INFO ✓ CREATOR detected via name: 'yaboiplappers' == 'yaboiplappers'
2026-04-07 10:22:23,195 INFO ✗ NOT creator 'disc.nix': name='disc.nix'(False), global='ɢᴇɴɪx'(False), display='ɢᴇɴɪx'(False), expected='yaboiplappers'
2026-04-07 10:22:23,195 INFO ✗ NOT mother 'disc.nix': name='disc.nix'(False), global='ɢᴇɴɪx'(False), display='ɢᴇɴɪx'(False), expected='elindy'
2026-04-07 10:22:26,313 INFO ✓ CREATOR detected via name: 'yaboiplappers' == 'yaboiplappers'
2026-04-07 10:22:26,313 INFO ✗ NOT mother 'yaboiplappers': name='yaboiplappers'(False), global='ᕈᒐᗣᕈ'(False), display='Zets'(False), expected='elindy'
2026-04-07 10:22:26,313 INFO ✓ CREATOR detected via name: 'yaboiplappers' == 'yaboiplappers'
2026-04-07 10:22:28,080 INFO ✗ NOT creator 'disc.nix': name='disc.nix'(False), global='ɢᴇɴɪx'(False), display='ɢᴇɴɪx'(False), expected='yaboiplappers'
2026-04-07 10:22:28,080 INFO ✗ NOT mother 'disc.nix': name='disc.nix'(False), global='ɢᴇɴɪx'(False), display='ɢᴇɴɪx'(False), expected='elindy'
2026-04-07 10:22:29,039 INFO ✗ NOT creator 'disc.nix': name='disc.nix'(False), global='ɢᴇɴɪx'(False), display='ɢᴇɴɪx'(False), expected='yaboiplappers'
2026-04-07 10:22:29,039 INFO ✗ NOT mother 'disc.nix': name='disc.nix'(False), global='ɢᴇɴɪx'(False), display='ɢᴇɴɪx'(False), expected='elindy'
2026-04-07 10:22:34,775 INFO ✗ NOT creator 'disc.nix': name='disc.nix'(False), global='ɢᴇɴɪx'(False), display='ɢᴇɴɪx'(False), expected='yaboiplappers'
2026-04-07 10:22:34,775 INFO ✗ NOT mother 'disc.nix': name='disc.nix'(False), global='ɢᴇɴɪx'(False), display='ɢᴇɴɪx'(False), expected='elindy'
2026-04-07 10:22:35,703 INFO ✗ NOT creator 'disc.nix': name='disc.nix'(False), global='ɢᴇɴɪx'(False), display='ɢᴇɴɪx'(False), expected='yaboiplappers'
2026-04-07 10:22:35,703 INFO ✗ NOT mother 'disc.nix': name='disc.nix'(False), global='ɢᴇɴɪx'(False), display='ɢᴇɴɪx'(False), expected='elindy'
2026-04-07 10:22:36,647 INFO ✗ NOT creator 'disc.nix': name='disc.nix'(False), global='ɢᴇɴɪx'(False), display='ɢᴇɴɪx'(False), expected='yaboiplappers'
2026-04-07 10:22:36,647 INFO ✗ NOT mother 'disc.nix': name='disc.nix'(False), global='ɢᴇɴɪx'(False), display='ɢᴇɴɪx'(False), expected='elindy'
2026-04-07 10:22:37,526 INFO ✗ NOT creator 'disc.nix': name='disc.nix'(False), global='ɢᴇɴɪx'(False), display='ɢᴇɴɪx'(False), expected='yaboiplappers'
2026-04-07 10:22:37,526 INFO ✗ NOT mother 'disc.nix': name='disc.nix'(False), global='ɢᴇɴɪx'(False), display='ɢᴇɴɪx'(False), expected='elindy'
2026-04-07 10:22:38,412 INFO ✗ NOT creator 'disc.nix': name='disc.nix'(False), global='ɢᴇɴɪx'(False), display='ɢᴇɴɪx'(False), expected='yaboiplappers'
2026-04-07 10:22:38,412 INFO ✗ NOT mother 'disc.nix': name='disc.nix'(False), global='ɢᴇɴɪx'(False), display='ɢᴇɴɪx'(False), expected='elindy'
2026-04-07 10:22:39,359 INFO ✗ NOT creator 'disc.nix': name='disc.nix'(False), global='ɢᴇɴɪx'(False), display='ɢᴇɴɪx'(False), expected='yaboiplappers'
2026-04-07 10:22:39,359 INFO ✗ NOT mother 'disc.nix': name='disc.nix'(False), global='ɢᴇɴɪx'(False), display='ɢᴇɴɪx'(False), expected='elindy'
2026-04-07 10:22:40,288 INFO ✗ NOT creator 'disc.nix': name='disc.nix'(False), global='ɢᴇɴɪx'(False), display='ɢᴇɴɪx'(False), expected='yaboiplappers'
2026-04-07 10:22:40,288 INFO ✗ NOT mother 'disc.nix': name='disc.nix'(False), global='ɢᴇɴɪx'(False), display='ɢᴇɴɪx'(False), expected='elindy'
2026-04-07 10:22:41,517 INFO ✗ NOT creator 'disc.nix': name='disc.nix'(False), global='ɢᴇɴɪx'(False), display='ɢᴇɴɪx'(False), expected='yaboiplappers'
2026-04-07 10:22:41,517 INFO ✗ NOT mother 'disc.nix': name='disc.nix'(False), global='ɢᴇɴɪx'(False), display='ɢᴇɴɪx'(False), expected='elindy'
2026-04-07 10:22:45,256 INFO ✗ NOT creator 'disc.nix': name='disc.nix'(False), global='ɢᴇɴɪx'(False), display='ɢᴇɴɪx'(False), expected='yaboiplappers'
2026-04-07 10:22:45,256 INFO ✗ NOT mother 'disc.nix': name='disc.nix'(False), global='ɢᴇɴɪx'(False), display='ɢᴇɴɪx'(False), expected='elindy'
2026-04-07 10:22:47,172 INFO ✗ NOT creator 'disc.nix': name='disc.nix'(False), global='ɢᴇɴɪx'(False), display='ɢᴇɴɪx'(False), expected='yaboiplappers'
2026-04-07 10:22:47,173 INFO ✗ NOT mother 'disc.nix': name='disc.nix'(False), global='ɢᴇɴɪx'(False), display='ɢᴇɴɪx'(False), expected='elindy'
2026-04-07 10:22:52,307 INFO ✗ NOT creator 'disc.nix': name='disc.nix'(False), global='ɢᴇɴɪx'(False), display='ɢᴇɴɪx'(False), expected='yaboiplappers'
2026-04-07 10:22:52,307 INFO ✗ NOT mother 'disc.nix': name='disc.nix'(False), global='ɢᴇɴɪx'(False), display='ɢᴇɴɪx'(False), expected='elindy'
2026-04-07 10:23:06,392 INFO ✗ NOT creator 'disc.nix': name='disc.nix'(False), global='ɢᴇɴɪx'(False), display='ɢᴇɴɪx'(False), expected='yaboiplappers'
2026-04-07 10:23:06,392 INFO ✗ NOT mother 'disc.nix': name='disc.nix'(False), global='ɢᴇɴɪx'(False), display='ɢᴇɴɪx'(False), expected='elindy'
2026-04-07 10:23:06,392 INFO yuri name-call branch fired: cr=False mr=False content='digitan who made you'
2026-04-07 10:23:19,609 INFO ✗ NOT creator 'disc.nix': name='disc.nix'(False), global='ɢᴇɴɪx'(False), display='ɢᴇɴɪx'(False), expected='yaboiplappers'
2026-04-07 10:23:19,609 INFO ✗ NOT mother 'disc.nix': name='disc.nix'(False), global='ɢᴇɴɪx'(False), display='ɢᴇɴɪx'(False), expected='elindy'
2026-04-07 10:23:20,815 INFO ✓ CREATOR detected via name: 'yaboiplappers' == 'yaboiplappers'
2026-04-07 10:23:20,816 INFO ✗ NOT mother 'yaboiplappers': name='yaboiplappers'(False), global='ᕈᒐᗣᕈ'(False), display='Zets'(False), expected='elindy'
2026-04-07 10:23:20,816 INFO ✓ CREATOR detected via name: 'yaboiplappers' == 'yaboiplappers'
2026-04-07 10:23:22,385 INFO ✗ NOT creator 'disc.nix': name='disc.nix'(False), global='ɢᴇɴɪx'(False), display='ɢᴇɴɪx'(False), expected='yaboiplappers'
2026-04-07 10:23:22,385 INFO ✗ NOT mother 'disc.nix': name='disc.nix'(False), global='ɢᴇɴɪx'(False), display='ɢᴇɴɪx'(False), expected='elindy'
2026-04-07 10:23:40,590 INFO ✓ CREATOR detected via name: 'yaboiplappers' == 'yaboiplappers'
2026-04-07 10:23:40,590 INFO ✗ NOT mother 'yaboiplappers': name='yaboiplappers'(False), global='ᕈᒐᗣᕈ'(False), display='Zets'(False), expected='elindy'
2026-04-07 10:23:40,590 INFO ✓ CREATOR detected via name: 'yaboiplappers' == 'yaboiplappers'
2026-04-07 10:23:43,856 INFO ✗ NOT creator 'disc.nix': name='disc.nix'(False), global='ɢᴇɴɪx'(False), display='ɢᴇɴɪx'(False), expected='yaboiplappers'
2026-04-07 10:23:43,856 INFO ✗ NOT mother 'disc.nix': name='disc.nix'(False), global='ɢᴇɴɪx'(False), display='ɢᴇɴɪx'(False), expected='elindy'
2026-04-07 10:23:43,857 INFO yuri name-call branch fired: cr=False mr=False content='digitan recommend me anime'
2026-04-07 10:23:58,506 INFO ✓ CREATOR detected via name: 'yaboiplappers' == 'yaboiplappers'
2026-04-07 10:23:58,506 INFO ✗ NOT mother 'yaboiplappers': name='yaboiplappers'(False), global='ᕈᒐᗣᕈ'(False), display='Zets'(False), expected='elindy'
2026-04-07 10:23:58,506 INFO ✓ CREATOR detected via name: 'yaboiplappers' == 'yaboiplappers'
2026-04-07 10:24:01,654 INFO ✗ NOT creator 'disc.nix': name='disc.nix'(False), global='ɢᴇɴɪx'(False), display='ɢᴇɴɪx'(False), expected='yaboiplappers'
2026-04-07 10:24:01,654 INFO ✗ NOT mother 'disc.nix': name='disc.nix'(False), global='ɢᴇɴɪx'(False), display='ɢᴇɴɪx'(False), expected='elindy'
2026-04-07 10:24:09,421 INFO ✓ CREATOR detected via name: 'yaboiplappers' == 'yaboiplappers'
2026-04-07 10:24:09,421 INFO ✗ NOT mother 'yaboiplappers': name='yaboiplappers'(False), global='ᕈᒐᗣᕈ'(False), display='Zets'(False), expected='elindy'
2026-04-07 10:24:09,421 INFO ✓ CREATOR detected via name: 'yaboiplappers' == 'yaboiplappers'
2026-04-07 10:24:10,317 INFO ✓ CREATOR detected via name: 'yaboiplappers' == 'yaboiplappers'
2026-04-07 10:24:10,317 INFO ✗ NOT mother 'yaboiplappers': name='yaboiplappers'(False), global='ᕈᒐᗣᕈ'(False), display='Zets'(False), expected='elindy'
2026-04-07 10:24:10,317 INFO ✓ CREATOR detected via name: 'yaboiplappers' == 'yaboiplappers'
2026-04-07 10:24:13,588 INFO ✗ NOT creator 'disc.nix': name='disc.nix'(False), global='ɢᴇɴɪx'(False), display='ɢᴇɴɪx'(False), expected='yaboiplappers'
2026-04-07 10:24:13,588 INFO ✗ NOT mother 'disc.nix': name='disc.nix'(False), global='ɢᴇɴɪx'(False), display='ɢᴇɴɪx'(False), expected='elindy'
2026-04-07 10:24:23,158 INFO ✗ NOT creator 'disc.nix': name='disc.nix'(False), global='ɢᴇɴɪx'(False), display='ɢᴇɴɪx'(False), expected='yaboiplappers'
2026-04-07 10:24:23,159 INFO ✗ NOT mother 'disc.nix': name='disc.nix'(False), global='ɢᴇɴɪx'(False), display='ɢᴇɴɪx'(False), expected='elindy'
2026-04-07 10:24:28,203 INFO ✓ CREATOR detected via name: 'yaboiplappers' == 'yaboiplappers'
2026-04-07 10:24:28,203 INFO ✗ NOT mother 'yaboiplappers': name='yaboiplappers'(False), global='ᕈᒐᗣᕈ'(False), display='Zets'(False), expected='elindy'
2026-04-07 10:24:28,203 INFO ✓ CREATOR detected via name: 'yaboiplappers' == 'yaboiplappers'
2026-04-07 10:24:47,300 INFO ✓ CREATOR detected via name: 'yaboiplappers' == 'yaboiplappers'
2026-04-07 10:24:47,301 INFO ✗ NOT mother 'yaboiplappers': name='yaboiplappers'(False), global='ᕈᒐᗣᕈ'(False), display='Zets'(False), expected='elindy'
2026-04-07 10:24:47,301 INFO ✓ CREATOR detected via name: 'yaboiplappers' == 'yaboiplappers'
2026-04-07 10:24:50,234 INFO ✓ CREATOR detected via name: 'yaboiplappers' == 'yaboiplappers'
2026-04-07 10:24:50,234 INFO ✗ NOT mother 'yaboiplappers': name='yaboiplappers'(False), global='ᕈᒐᗣᕈ'(False), display='Zets'(False), expected='elindy'
2026-04-07 10:24:50,234 INFO ✓ CREATOR detected via name: 'yaboiplappers' == 'yaboiplappers'
2026-04-07 10:25:00,592 INFO ✗ NOT creator 'disc.nix': name='disc.nix'(False), global='ɢᴇɴɪx'(False), display='ɢᴇɴɪx'(False), expected='yaboiplappers'
2026-04-07 10:25:00,592 INFO ✗ NOT mother 'disc.nix': name='disc.nix'(False), global='ɢᴇɴɪx'(False), display='ɢᴇɴɪx'(False), expected='elindy'
2026-04-07 10:25:00,592 INFO yuri name-call branch fired: cr=False mr=False content='good bye digitan'
2026-04-07 10:25:08,646 INFO ✗ NOT creator 'disc.nix': name='disc.nix'(False), global='ɢᴇɴɪx'(False), display='ɢᴇɴɪx'(False), expected='yaboiplappers'
2026-04-07 10:25:08,646 INFO ✗ NOT mother 'disc.nix': name='disc.nix'(False), global='ɢᴇɴɪx'(False), display='ɢᴇɴɪx'(False), expected='elindy'
2026-04-07 10:25:08,646 INFO yuri name-call branch fired: cr=False mr=False content='good nigh digitan'
2026-04-07 10:25:15,945 INFO ✗ NOT creator 'disc.nix': name='disc.nix'(False), global='ɢᴇɴɪx'(False), display='ɢᴇɴɪx'(False), expected='yaboiplappers'
2026-04-07 10:25:15,945 INFO ✗ NOT mother 'disc.nix': name='disc.nix'(False), global='ɢᴇɴɪx'(False), display='ɢᴇɴɪx'(False), expected='elindy'
2026-04-07 10:25:15,945 INFO greeting_type=night cr=False mr=False author.name='disc.nix' author.global_name='ɢᴇɴɪx' author.display_name='ɢᴇɴɪx' content='good night digitan'
2026-04-07 10:25:15,945 INFO using_pool=PUBLIC_NIGHT
2026-04-07 10:25:23,219 INFO ✗ NOT creator 'disc.nix': name='disc.nix'(False), global='ɢᴇɴɪx'(False), display='ɢᴇɴɪx'(False), expected='yaboiplappers'
2026-04-07 10:25:23,220 INFO ✗ NOT mother 'disc.nix': name='disc.nix'(False), global='ɢᴇɴɪx'(False), display='ɢᴇɴɪx'(False), expected='elindy'
2026-04-07 10:25:32,105 INFO ✗ NOT creator 'disc.nix': name='disc.nix'(False), global='ɢᴇɴɪx'(False), display='ɢᴇɴɪx'(False), expected='yaboiplappers'
2026-04-07 10:25:32,105 INFO ✗ NOT mother 'disc.nix': name='disc.nix'(False), global='ɢᴇɴɪx'(False), display='ɢᴇɴɪx'(False), expected='elindy'
2026-04-07 10:25:32,105 INFO yuri name-call branch fired: cr=False mr=False content='good afternoon digitan'
2026-04-07 10:25:39,246 INFO ✓ CREATOR detected via name: 'yaboiplappers' == 'yaboiplappers'
2026-04-07 10:25:39,246 INFO ✗ NOT mother 'yaboiplappers': name='yaboiplappers'(False), global='ᕈᒐᗣᕈ'(False), display='Zets'(False), expected='elindy'
2026-04-07 10:25:39,246 INFO ✓ CREATOR detected via name: 'yaboiplappers' == 'yaboiplappers'
2026-04-07 10:25:39,246 INFO greeting_type=evening cr=True mr=False author.name='yaboiplappers' author.global_name='ᕈᒐᗣᕈ' author.display_name='Zets' content='Evening Digitan'
2026-04-07 10:25:39,246 INFO using_pool=CREATOR_EVENING
2026-04-07 10:25:39,875 INFO ✗ NOT creator 'disc.nix': name='disc.nix'(False), global='ɢᴇɴɪx'(False), display='ɢᴇɴɪx'(False), expected='yaboiplappers'
2026-04-07 10:25:39,875 INFO ✗ NOT mother 'disc.nix': name='disc.nix'(False), global='ɢᴇɴɪx'(False), display='ɢᴇɴɪx'(False), expected='elindy'
2026-04-07 10:25:48,802 INFO ✗ NOT creator 'disc.nix': name='disc.nix'(False), global='ɢᴇɴɪx'(False), display='ɢᴇɴɪx'(False), expected='yaboiplappers'
2026-04-07 10:25:48,802 INFO ✗ NOT mother 'disc.nix': name='disc.nix'(False), global='ɢᴇɴɪx'(False), display='ɢᴇɴɪx'(False), expected='elindy'
2026-04-07 10:25:48,802 INFO greeting_type=morning cr=False mr=False author.name='disc.nix' author.global_name='ɢᴇɴɪx' author.display_name='ɢᴇɴɪx' content="g'morning digitan"
2026-04-07 10:25:48,802 INFO using_pool=PUBLIC_MORNING
2026-04-07 10:26:44,669 INFO ✓ CREATOR detected via name: 'yaboiplappers' == 'yaboiplappers'
2026-04-07 10:26:44,669 INFO ✗ NOT mother 'yaboiplappers': name='yaboiplappers'(False), global='ᕈᒐᗣᕈ'(False), display='Zets'(False), expected='elindy'
2026-04-07 10:26:44,669 INFO ✓ CREATOR detected via name: 'yaboiplappers' == 'yaboiplappers'
2026-04-07 10:35:31,022 INFO Debug log file initialized at C:\Users\samth\OneDrive\Desktop\School Stuff\IncubatorV2\The Digitan Files\bot_debug.log
2026-04-07 10:35:34,820 INFO on_ready fired for Agnes Digitan#4286 (id=1490021973072412734), guild_count=3
2026-04-07 10:36:00,955 INFO ✗ NOT creator 'ch1ch0mp3r': name='ch1ch0mp3r'(False), global='Chichomper'(False), display='Chomp'(False), expected='yaboiplappers'
2026-04-07 10:36:00,955 INFO ✗ NOT mother 'ch1ch0mp3r': name='ch1ch0mp3r'(False), global='Chichomper'(False), display='Chomp'(False), expected='elindy'
2026-04-07 10:36:21,471 INFO ✓ CREATOR detected via name: 'yaboiplappers' == 'yaboiplappers'
2026-04-07 10:36:21,471 INFO ✗ NOT mother 'yaboiplappers': name='yaboiplappers'(False), global='ᕈᒐᗣᕈ'(False), display='ᕈᒐᗣᕈ'(False), expected='elindy'
2026-04-07 10:36:21,471 INFO ✓ CREATOR detected via name: 'yaboiplappers' == 'yaboiplappers'
2026-04-07 10:36:23,618 INFO ✗ NOT creator 'souper.nova': name='souper.nova'(False), global='SouperNova'(False), display='SouperNova'(False), expected='yaboiplappers'
2026-04-07 10:36:23,618 INFO ✗ NOT mother 'souper.nova': name='souper.nova'(False), global='SouperNova'(False), display='SouperNova'(False), expected='elindy'
2026-04-07 10:36:29,046 INFO ✗ NOT creator '.bochan.': name='.bochan.'(False), global='❥ вσтαη'(False), display='❥Bochan'(False), expected='yaboiplappers'
2026-04-07 10:36:29,046 INFO ✗ NOT mother '.bochan.': name='.bochan.'(False), global='❥ вσтαη'(False), display='❥Bochan'(False), expected='elindy'
2026-04-07 10:36:36,486 INFO ✗ NOT creator 'souper.nova': name='souper.nova'(False), global='SouperNova'(False), display='SouperNova'(False), expected='yaboiplappers'
2026-04-07 10:36:36,486 INFO ✗ NOT mother 'souper.nova': name='souper.nova'(False), global='SouperNova'(False), display='SouperNova'(False), expected='elindy'
2026-04-07 10:36:45,440 INFO ✗ NOT creator 'souper.nova': name='souper.nova'(False), global='SouperNova'(False), display='SouperNova'(False), expected='yaboiplappers'
2026-04-07 10:36:45,440 INFO ✗ NOT mother 'souper.nova': name='souper.nova'(False), global='SouperNova'(False), display='SouperNova'(False), expected='elindy'
2026-04-07 10:36:49,432 INFO ✗ NOT creator 'souper.nova': name='souper.nova'(False), global='SouperNova'(False), display='SouperNova'(False), expected='yaboiplappers'
2026-04-07 10:36:49,434 INFO ✗ NOT mother 'souper.nova': name='souper.nova'(False), global='SouperNova'(False), display='SouperNova'(False), expected='elindy'
2026-04-07 10:36:50,131 INFO ✗ NOT creator '.bochan.': name='.bochan.'(False), global='❥ вσтαη'(False), display='❥Bochan'(False), expected='yaboiplappers'
2026-04-07 10:36:50,132 INFO ✗ NOT mother '.bochan.': name='.bochan.'(False), global='❥ вσтαη'(False), display='❥Bochan'(False), expected='elindy'
2026-04-07 10:37:12,368 INFO ✗ NOT creator 'souper.nova': name='souper.nova'(False), global='SouperNova'(False), display='SouperNova'(False), expected='yaboiplappers'
2026-04-07 10:37:12,368 INFO ✗ NOT mother 'souper.nova': name='souper.nova'(False), global='SouperNova'(False), display='SouperNova'(False), expected='elindy'
2026-04-07 10:37:20,486 INFO ✓ CREATOR detected via name: 'yaboiplappers' == 'yaboiplappers'
2026-04-07 10:37:20,486 INFO ✗ NOT mother 'yaboiplappers': name='yaboiplappers'(False), global='ᕈᒐᗣᕈ'(False), display='ᕈᒐᗣᕈ'(False), expected='elindy'
2026-04-07 10:37:20,486 INFO ✓ CREATOR detected via name: 'yaboiplappers' == 'yaboiplappers'
2026-04-07 10:37:24,176 INFO ✗ NOT creator 'potytasghost': name='potytasghost'(False), global='Potyta'(False), display='Potytarattatatatatata'(False), expected='yaboiplappers'
2026-04-07 10:37:24,176 INFO ✗ NOT mother 'potytasghost': name='potytasghost'(False), global='Potyta'(False), display='Potytarattatatatatata'(False), expected='elindy'
2026-04-07 10:37:32,506 INFO ✗ NOT creator 'ch1ch0mp3r': name='ch1ch0mp3r'(False), global='Chichomper'(False), display='Chomp'(False), expected='yaboiplappers'
2026-04-07 10:37:32,507 INFO ✗ NOT mother 'ch1ch0mp3r': name='ch1ch0mp3r'(False), global='Chichomper'(False), display='Chomp'(False), expected='elindy'
2026-04-07 10:37:33,431 INFO ✓ CREATOR detected via name: 'yaboiplappers' == 'yaboiplappers'
2026-04-07 10:37:33,431 INFO ✗ NOT mother 'yaboiplappers': name='yaboiplappers'(False), global='ᕈᒐᗣᕈ'(False), display='ᕈᒐᗣᕈ'(False), expected='elindy'
2026-04-07 10:37:33,431 INFO ✓ CREATOR detected via name: 'yaboiplappers' == 'yaboiplappers'
2026-04-07 10:37:37,062 INFO ✗ NOT creator 'ch1ch0mp3r': name='ch1ch0mp3r'(False), global='Chichomper'(False), display='Chomp'(False), expected='yaboiplappers'
2026-04-07 10:37:37,062 INFO ✗ NOT mother 'ch1ch0mp3r': name='ch1ch0mp3r'(False), global='Chichomper'(False), display='Chomp'(False), expected='elindy'
2026-04-07 10:37:44,437 INFO ✗ NOT creator 'potytasghost': name='potytasghost'(False), global='Potyta'(False), display='Potytarattatatatatata'(False), expected='yaboiplappers'
2026-04-07 10:37:44,437 INFO ✗ NOT mother 'potytasghost': name='potytasghost'(False), global='Potyta'(False), display='Potytarattatatatatata'(False), expected='elindy'
2026-04-07 10:37:49,024 INFO ✗ NOT creator 'souper.nova': name='souper.nova'(False), global='SouperNova'(False), display='SouperNova'(False), expected='yaboiplappers'
2026-04-07 10:37:49,024 INFO ✗ NOT mother 'souper.nova': name='souper.nova'(False), global='SouperNova'(False), display='SouperNova'(False), expected='elindy'
2026-04-07 10:37:53,551 INFO ✗ NOT creator 'souper.nova': name='souper.nova'(False), global='SouperNova'(False), display='SouperNova'(False), expected='yaboiplappers'
2026-04-07 10:37:53,551 INFO ✗ NOT mother 'souper.nova': name='souper.nova'(False), global='SouperNova'(False), display='SouperNova'(False), expected='elindy'
2026-04-07 10:37:54,710 INFO ✗ NOT creator 'souper.nova': name='souper.nova'(False), global='SouperNova'(False), display='SouperNova'(False), expected='yaboiplappers'
2026-04-07 10:37:54,710 INFO ✗ NOT mother 'souper.nova': name='souper.nova'(False), global='SouperNova'(False), display='SouperNova'(False), expected='elindy'
2026-04-07 10:37:57,266 INFO ✓ CREATOR detected via name: 'yaboiplappers' == 'yaboiplappers'
2026-04-07 10:37:57,266 INFO ✗ NOT mother 'yaboiplappers': name='yaboiplappers'(False), global='ᕈᒐᗣᕈ'(False), display='ᕈᒐᗣᕈ'(False), expected='elindy'
2026-04-07 10:37:57,266 INFO ✓ CREATOR detected via name: 'yaboiplappers' == 'yaboiplappers'
2026-04-07 10:38:40,641 INFO ✗ NOT creator 'souper.nova': name='souper.nova'(False), global='SouperNova'(False), display='SouperNova'(False), expected='yaboiplappers'
2026-04-07 10:38:40,641 INFO ✗ NOT mother 'souper.nova': name='souper.nova'(False), global='SouperNova'(False), display='SouperNova'(False), expected='elindy'
2026-04-07 10:38:53,656 INFO ✗ NOT creator '.bochan.': name='.bochan.'(False), global='❥ вσтαη'(False), display='❥Bochan'(False), expected='yaboiplappers'
2026-04-07 10:38:53,656 INFO ✗ NOT mother '.bochan.': name='.bochan.'(False), global='❥ вσтαη'(False), display='❥Bochan'(False), expected='elindy'
2026-04-07 10:39:03,761 INFO ✓ CREATOR detected via name: 'yaboiplappers' == 'yaboiplappers'
2026-04-07 10:39:03,761 INFO ✗ NOT mother 'yaboiplappers': name='yaboiplappers'(False), global='ᕈᒐᗣᕈ'(False), display='ᕈᒐᗣᕈ'(False), expected='elindy'
2026-04-07 10:39:03,761 INFO ✓ CREATOR detected via name: 'yaboiplappers' == 'yaboiplappers'
2026-04-07 10:39:07,747 INFO ✗ NOT creator 'souper.nova': name='souper.nova'(False), global='SouperNova'(False), display='SouperNova'(False), expected='yaboiplappers'
2026-04-07 10:39:07,747 INFO ✗ NOT mother 'souper.nova': name='souper.nova'(False), global='SouperNova'(False), display='SouperNova'(False), expected='elindy'
2026-04-07 10:39:09,697 INFO ✗ NOT creator '.bochan.': name='.bochan.'(False), global='❥ вσтαη'(False), display='❥Bochan'(False), expected='yaboiplappers'
2026-04-07 10:39:09,698 INFO ✗ NOT mother '.bochan.': name='.bochan.'(False), global='❥ вσтαη'(False), display='❥Bochan'(False), expected='elindy'
2026-04-07 10:39:20,891 INFO ✗ NOT creator 'ch1ch0mp3r': name='ch1ch0mp3r'(False), global='Chichomper'(False), display='Chomp'(False), expected='yaboiplappers'
2026-04-07 10:39:20,891 INFO ✗ NOT mother 'ch1ch0mp3r': name='ch1ch0mp3r'(False), global='Chichomper'(False), display='Chomp'(False), expected='elindy'
2026-04-07 10:39:31,783 INFO ✓ CREATOR detected via name: 'yaboiplappers' == 'yaboiplappers'
2026-04-07 10:39:31,783 INFO ✗ NOT mother 'yaboiplappers': name='yaboiplappers'(False), global='ᕈᒐᗣᕈ'(False), display='ᕈᒐᗣᕈ'(False), expected='elindy'
2026-04-07 10:39:31,783 INFO ✓ CREATOR detected via name: 'yaboiplappers' == 'yaboiplappers'
2026-04-07 10:39:32,353 INFO ✗ NOT creator 'ch1ch0mp3r': name='ch1ch0mp3r'(False), global='Chichomper'(False), display='Chomp'(False), expected='yaboiplappers'
2026-04-07 10:39:32,353 INFO ✗ NOT mother 'ch1ch0mp3r': name='ch1ch0mp3r'(False), global='Chichomper'(False), display='Chomp'(False), expected='elindy'
2026-04-07 10:39:46,873 INFO ✓ CREATOR detected via name: 'yaboiplappers' == 'yaboiplappers'
2026-04-07 10:39:46,873 INFO ✗ NOT mother 'yaboiplappers': name='yaboiplappers'(False), global='ᕈᒐᗣᕈ'(False), display='ᕈᒐᗣᕈ'(False), expected='elindy'
2026-04-07 10:39:46,874 INFO ✓ CREATOR detected via name: 'yaboiplappers' == 'yaboiplappers'
2026-04-07 10:39:49,578 INFO ✗ NOT creator 'souper.nova': name='souper.nova'(False), global='SouperNova'(False), display='SouperNova'(False), expected='yaboiplappers'
2026-04-07 10:39:49,578 INFO ✗ NOT mother 'souper.nova': name='souper.nova'(False), global='SouperNova'(False), display='SouperNova'(False), expected='elindy'
2026-04-07 10:39:53,332 INFO ✗ NOT creator 'souper.nova': name='souper.nova'(False), global='SouperNova'(False), display='SouperNova'(False), expected='yaboiplappers'
2026-04-07 10:39:53,332 INFO ✗ NOT mother 'souper.nova': name='souper.nova'(False), global='SouperNova'(False), display='SouperNova'(False), expected='elindy'
2026-04-07 10:39:59,009 INFO ✗ NOT creator 'ch1ch0mp3r': name='ch1ch0mp3r'(False), global='Chichomper'(False), display='Chomp'(False), expected='yaboiplappers'
2026-04-07 10:39:59,009 INFO ✗ NOT mother 'ch1ch0mp3r': name='ch1ch0mp3r'(False), global='Chichomper'(False), display='Chomp'(False), expected='elindy'
2026-04-07 10:40:03,580 INFO ✗ NOT creator '.bochan.': name='.bochan.'(False), global='❥ вσтαη'(False), display='❥Bochan'(False), expected='yaboiplappers'
2026-04-07 10:40:03,580 INFO ✗ NOT mother '.bochan.': name='.bochan.'(False), global='❥ вσтαη'(False), display='❥Bochan'(False), expected='elindy'
2026-04-07 10:40:14,333 INFO ✓ CREATOR detected via name: 'yaboiplappers' == 'yaboiplappers'
2026-04-07 10:40:14,334 INFO ✗ NOT mother 'yaboiplappers': name='yaboiplappers'(False), global='ᕈᒐᗣᕈ'(False), display='ᕈᒐᗣᕈ'(False), expected='elindy'
2026-04-07 10:40:14,334 INFO ✓ CREATOR detected via name: 'yaboiplappers' == 'yaboiplappers'
2026-04-07 10:41:01,492 INFO ✓ CREATOR detected via name: 'yaboiplappers' == 'yaboiplappers'
2026-04-07 10:41:01,492 INFO ✗ NOT mother 'yaboiplappers': name='yaboiplappers'(False), global='ᕈᒐᗣᕈ'(False), display='ᕈᒐᗣᕈ'(False), expected='elindy'
2026-04-07 10:41:01,492 INFO ✓ CREATOR detected via name: 'yaboiplappers' == 'yaboiplappers'
2026-04-07 10:41:13,949 INFO ✗ NOT creator '.bochan.': name='.bochan.'(False), global='❥ вσтαη'(False), display='❥Bochan'(False), expected='yaboiplappers'
2026-04-07 10:41:13,949 INFO ✗ NOT mother '.bochan.': name='.bochan.'(False), global='❥ вσтαη'(False), display='❥Bochan'(False), expected='elindy'
2026-04-07 10:41:39,180 INFO ✗ NOT creator 'potytasghost': name='potytasghost'(False), global='Potyta'(False), display='Potytarattatatatatata'(False), expected='yaboiplappers'
2026-04-07 10:41:39,180 INFO ✗ NOT mother 'potytasghost': name='potytasghost'(False), global='Potyta'(False), display='Potytarattatatatatata'(False), expected='elindy'
2026-04-07 10:41:39,336 INFO ✓ CREATOR detected via name: 'yaboiplappers' == 'yaboiplappers'
2026-04-07 10:41:39,336 INFO ✗ NOT mother 'yaboiplappers': name='yaboiplappers'(False), global='ᕈᒐᗣᕈ'(False), display='ᕈᒐᗣᕈ'(False), expected='elindy'
2026-04-07 10:41:39,336 INFO ✓ CREATOR detected via name: 'yaboiplappers' == 'yaboiplappers'
2026-04-07 10:43:12,975 INFO ✗ NOT creator 'ch1ch0mp3r': name='ch1ch0mp3r'(False), global='Chichomper'(False), display='Chomp'(False), expected='yaboiplappers'
2026-04-07 10:43:12,977 INFO ✗ NOT mother 'ch1ch0mp3r': name='ch1ch0mp3r'(False), global='Chichomper'(False), display='Chomp'(False), expected='elindy'
2026-04-07 10:43:17,642 INFO ✗ NOT creator 'souper.nova': name='souper.nova'(False), global='SouperNova'(False), display='SouperNova'(False), expected='yaboiplappers'
2026-04-07 10:43:17,642 INFO ✗ NOT mother 'souper.nova': name='souper.nova'(False), global='SouperNova'(False), display='SouperNova'(False), expected='elindy'
2026-04-07 10:44:38,462 INFO ✓ CREATOR detected via name: 'yaboiplappers' == 'yaboiplappers'
2026-04-07 10:44:38,462 INFO ✗ NOT mother 'yaboiplappers': name='yaboiplappers'(False), global='ᕈᒐᗣᕈ'(False), display='ᕈᒐᗣᕈ'(False), expected='elindy'
2026-04-07 10:44:38,462 INFO ✓ CREATOR detected via name: 'yaboiplappers' == 'yaboiplappers'
2026-04-07 10:44:43,375 INFO ✗ NOT creator 'ch1ch0mp3r': name='ch1ch0mp3r'(False), global='Chichomper'(False), display='Chomp'(False), expected='yaboiplappers'
2026-04-07 10:44:43,375 INFO ✗ NOT mother 'ch1ch0mp3r': name='ch1ch0mp3r'(False), global='Chichomper'(False), display='Chomp'(False), expected='elindy'
2026-04-07 10:44:43,375 INFO ✓ CREATOR detected via name: 'yaboiplappers' == 'yaboiplappers'
2026-04-07 10:44:43,375 INFO ✗ NOT mother 'yaboiplappers': name='yaboiplappers'(False), global='ᕈᒐᗣᕈ'(False), display='ᕈᒐᗣᕈ'(False), expected='elindy'
2026-04-07 10:44:43,375 INFO ✓ CREATOR detected via name: 'yaboiplappers' == 'yaboiplappers'
2026-04-07 10:44:44,052 INFO ✗ NOT creator 'potytasghost': name='potytasghost'(False), global='Potyta'(False), display='Potytarattatatatatata'(False), expected='yaboiplappers'
2026-04-07 10:44:44,052 INFO ✗ NOT mother 'potytasghost': name='potytasghost'(False), global='Potyta'(False), display='Potytarattatatatatata'(False), expected='elindy'
2026-04-07 10:45:11,665 INFO ✓ CREATOR detected via name: 'yaboiplappers' == 'yaboiplappers'
2026-04-07 10:45:11,665 INFO ✗ NOT mother 'yaboiplappers': name='yaboiplappers'(False), global='ᕈᒐᗣᕈ'(False), display='ᕈᒐᗣᕈ'(False), expected='elindy'
2026-04-07 10:45:11,665 INFO ✓ CREATOR detected via name: 'yaboiplappers' == 'yaboiplappers'
2026-04-07 10:45:21,379 INFO ✗ NOT creator 'potytasghost': name='potytasghost'(False), global='Potyta'(False), display='Potytarattatatatatata'(False), expected='yaboiplappers'
2026-04-07 10:45:21,379 INFO ✗ NOT mother 'potytasghost': name='potytasghost'(False), global='Potyta'(False), display='Potytarattatatatatata'(False), expected='elindy'
2026-04-07 10:45:44,804 INFO ✗ NOT creator 'ch1ch0mp3r': name='ch1ch0mp3r'(False), global='Chichomper'(False), display='Chomp'(False), expected='yaboiplappers'
2026-04-07 10:45:44,804 INFO ✗ NOT mother 'ch1ch0mp3r': name='ch1ch0mp3r'(False), global='Chichomper'(False), display='Chomp'(False), expected='elindy'
2026-04-07 10:45:52,749 INFO ✗ NOT creator '.bochan.': name='.bochan.'(False), global='❥ вσтαη'(False), display='❥Bochan'(False), expected='yaboiplappers'
2026-04-07 10:45:52,749 INFO ✗ NOT mother '.bochan.': name='.bochan.'(False), global='❥ вσтαη'(False), display='❥Bochan'(False), expected='elindy'
2026-04-07 10:45:59,290 INFO ✗ NOT creator '.bochan.': name='.bochan.'(False), global='❥ вσтαη'(False), display='❥Bochan'(False), expected='yaboiplappers'
2026-04-07 10:45:59,290 INFO ✗ NOT mother '.bochan.': name='.bochan.'(False), global='❥ вσтαη'(False), display='❥Bochan'(False), expected='elindy'
2026-04-07 10:46:02,220 INFO ✗ NOT creator 'souper.nova': name='souper.nova'(False), global='SouperNova'(False), display='SouperNova'(False), expected='yaboiplappers'
2026-04-07 10:46:02,220 INFO ✗ NOT mother 'souper.nova': name='souper.nova'(False), global='SouperNova'(False), display='SouperNova'(False), expected='elindy'
2026-04-07 10:46:05,215 INFO ✓ CREATOR detected via name: 'yaboiplappers' == 'yaboiplappers'
2026-04-07 10:46:05,216 INFO ✗ NOT mother 'yaboiplappers': name='yaboiplappers'(False), global='ᕈᒐᗣᕈ'(False), display='ᕈᒐᗣᕈ'(False), expected='elindy'
2026-04-07 10:46:05,216 INFO ✓ CREATOR detected via name: 'yaboiplappers' == 'yaboiplappers'
2026-04-07 10:46:08,890 INFO ✗ NOT creator 'souper.nova': name='souper.nova'(False), global='SouperNova'(False), display='SouperNova'(False), expected='yaboiplappers'
2026-04-07 10:46:08,890 INFO ✗ NOT mother 'souper.nova': name='souper.nova'(False), global='SouperNova'(False), display='SouperNova'(False), expected='elindy'
2026-04-07 10:46:12,913 INFO ✗ NOT creator 'souper.nova': name='souper.nova'(False), global='SouperNova'(False), display='SouperNova'(False), expected='yaboiplappers'
2026-04-07 10:46:12,914 INFO ✗ NOT mother 'souper.nova': name='souper.nova'(False), global='SouperNova'(False), display='SouperNova'(False), expected='elindy'
2026-04-07 10:46:25,808 INFO ✗ NOT creator 'souper.nova': name='souper.nova'(False), global='SouperNova'(False), display='SouperNova'(False), expected='yaboiplappers'
2026-04-07 10:46:25,808 INFO ✗ NOT mother 'souper.nova': name='souper.nova'(False), global='SouperNova'(False), display='SouperNova'(False), expected='elindy'
2026-04-07 10:46:34,529 INFO ✗ NOT creator '.bochan.': name='.bochan.'(False), global='❥ вσтαη'(False), display='❥Bochan'(False), expected='yaboiplappers'
2026-04-07 10:46:34,529 INFO ✗ NOT mother '.bochan.': name='.bochan.'(False), global='❥ вσтαη'(False), display='❥Bochan'(False), expected='elindy'
2026-04-07 10:46:48,178 INFO ✓ CREATOR detected via name: 'yaboiplappers' == 'yaboiplappers'
2026-04-07 10:46:48,178 INFO ✗ NOT mother 'yaboiplappers': name='yaboiplappers'(False), global='ᕈᒐᗣᕈ'(False), display='ᕈᒐᗣᕈ'(False), expected='elindy'
2026-04-07 10:46:48,178 INFO ✓ CREATOR detected via name: 'yaboiplappers' == 'yaboiplappers'
2026-04-07 10:47:03,088 INFO ✗ NOT creator 'ch1ch0mp3r': name='ch1ch0mp3r'(False), global='Chichomper'(False), display='Chomp'(False), expected='yaboiplappers'
2026-04-07 10:47:03,088 INFO ✗ NOT mother 'ch1ch0mp3r': name='ch1ch0mp3r'(False), global='Chichomper'(False), display='Chomp'(False), expected='elindy'
2026-04-07 10:47:13,779 INFO ✓ CREATOR detected via name: 'yaboiplappers' == 'yaboiplappers'
2026-04-07 10:47:13,779 INFO ✗ NOT mother 'yaboiplappers': name='yaboiplappers'(False), global='ᕈᒐᗣᕈ'(False), display='ᕈᒐᗣᕈ'(False), expected='elindy'
2026-04-07 10:47:13,779 INFO ✓ CREATOR detected via name: 'yaboiplappers' == 'yaboiplappers'
2026-04-07 10:47:16,068 INFO ✗ NOT creator 'ch1ch0mp3r': name='ch1ch0mp3r'(False), global='Chichomper'(False), display='Chomp'(False), expected='yaboiplappers'
2026-04-07 10:47:16,069 INFO ✗ NOT mother 'ch1ch0mp3r': name='ch1ch0mp3r'(False), global='Chichomper'(False), display='Chomp'(False), expected='elindy'
2026-04-07 10:47:25,590 INFO ✗ NOT creator '.bochan.': name='.bochan.'(False), global='❥ вσтαη'(False), display='❥Bochan'(False), expected='yaboiplappers'
2026-04-07 10:47:25,591 INFO ✗ NOT mother '.bochan.': name='.bochan.'(False), global='❥ вσтαη'(False), display='❥Bochan'(False), expected='elindy'
2026-04-07 10:47:39,531 INFO ✗ NOT creator 'souper.nova': name='souper.nova'(False), global='SouperNova'(False), display='SouperNova'(False), expected='yaboiplappers'
2026-04-07 10:47:39,531 INFO ✗ NOT mother 'souper.nova': name='souper.nova'(False), global='SouperNova'(False), display='SouperNova'(False), expected='elindy'
2026-04-07 10:47:46,886 INFO ✗ NOT creator 'souper.nova': name='souper.nova'(False), global='SouperNova'(False), display='SouperNova'(False), expected='yaboiplappers'
2026-04-07 10:47:46,886 INFO ✗ NOT mother 'souper.nova': name='souper.nova'(False), global='SouperNova'(False), display='SouperNova'(False), expected='elindy'
2026-04-07 10:47:53,850 INFO ✗ NOT creator '.bochan.': name='.bochan.'(False), global='❥ вσтαη'(False), display='❥Bochan'(False), expected='yaboiplappers'
2026-04-07 10:47:53,850 INFO ✗ NOT mother '.bochan.': name='.bochan.'(False), global='❥ вσтαη'(False), display='❥Bochan'(False), expected='elindy'
2026-04-07 10:48:00,656 INFO ✗ NOT creator 'souper.nova': name='souper.nova'(False), global='SouperNova'(False), display='SouperNova'(False), expected='yaboiplappers'
2026-04-07 10:48:00,656 INFO ✗ NOT mother 'souper.nova': name='souper.nova'(False), global='SouperNova'(False), display='SouperNova'(False), expected='elindy'
2026-04-07 10:48:08,726 INFO ✗ NOT creator 'kaie69': name='kaie69'(False), global='Kaié'(False), display='Vince'(False), expected='yaboiplappers'
2026-04-07 10:48:08,726 INFO ✗ NOT mother 'kaie69': name='kaie69'(False), global='Kaié'(False), display='Vince'(False), expected='elindy'
2026-04-07 10:48:10,932 INFO ✓ CREATOR detected via name: 'yaboiplappers' == 'yaboiplappers'
2026-04-07 10:48:10,932 INFO ✗ NOT mother 'yaboiplappers': name='yaboiplappers'(False), global='ᕈᒐᗣᕈ'(False), display='ᕈᒐᗣᕈ'(False), expected='elindy'
2026-04-07 10:48:10,932 INFO ✓ CREATOR detected via name: 'yaboiplappers' == 'yaboiplappers'
2026-04-07 10:48:17,312 INFO ✗ NOT creator 'kaie69': name='kaie69'(False), global='Kaié'(False), display='Vince'(False), expected='yaboiplappers'
2026-04-07 10:48:17,312 INFO ✗ NOT mother 'kaie69': name='kaie69'(False), global='Kaié'(False), display='Vince'(False), expected='elindy'
2026-04-07 10:48:21,884 INFO ✗ NOT creator 'ch1ch0mp3r': name='ch1ch0mp3r'(False), global='Chichomper'(False), display='Chomp'(False), expected='yaboiplappers'
2026-04-07 10:48:21,884 INFO ✗ NOT mother 'ch1ch0mp3r': name='ch1ch0mp3r'(False), global='Chichomper'(False), display='Chomp'(False), expected='elindy'
2026-04-07 10:48:23,244 INFO ✗ NOT creator 'ch1ch0mp3r': name='ch1ch0mp3r'(False), global='Chichomper'(False), display='Chomp'(False), expected='yaboiplappers'
2026-04-07 10:48:23,244 INFO ✗ NOT mother 'ch1ch0mp3r': name='ch1ch0mp3r'(False), global='Chichomper'(False), display='Chomp'(False), expected='elindy'
2026-04-07 10:48:53,061 INFO ✗ NOT creator '.bochan.': name='.bochan.'(False), global='❥ вσтαη'(False), display='❥Bochan'(False), expected='yaboiplappers'
2026-04-07 10:48:53,061 INFO ✗ NOT mother '.bochan.': name='.bochan.'(False), global='❥ вσтαη'(False), display='❥Bochan'(False), expected='elindy'
2026-04-07 10:49:06,901 INFO ✗ NOT creator 'kaie69': name='kaie69'(False), global='Kaié'(False), display='Vince'(False), expected='yaboiplappers'
2026-04-07 10:49:06,901 INFO ✗ NOT mother 'kaie69': name='kaie69'(False), global='Kaié'(False), display='Vince'(False), expected='elindy'
2026-04-07 10:49:15,689 INFO ✓ CREATOR detected via name: 'yaboiplappers' == 'yaboiplappers'
2026-04-07 10:49:15,689 INFO ✗ NOT mother 'yaboiplappers': name='yaboiplappers'(False), global='ᕈᒐᗣᕈ'(False), display='Samuel'(False), expected='elindy'
2026-04-07 10:49:15,689 INFO ✓ CREATOR detected via name: 'yaboiplappers' == 'yaboiplappers'
2026-04-07 10:49:27,845 INFO ✗ NOT creator '.bochan.': name='.bochan.'(False), global='❥ вσтαη'(False), display='❥Bochan'(False), expected='yaboiplappers'
2026-04-07 10:49:27,845 INFO ✗ NOT mother '.bochan.': name='.bochan.'(False), global='❥ вσтαη'(False), display='❥Bochan'(False), expected='elindy'
2026-04-07 10:49:31,891 INFO ✓ CREATOR detected via name: 'yaboiplappers' == 'yaboiplappers'
2026-04-07 10:49:31,891 INFO ✗ NOT mother 'yaboiplappers': name='yaboiplappers'(False), global='ᕈᒐᗣᕈ'(False), display='Samuel'(False), expected='elindy'
2026-04-07 10:49:31,891 INFO ✓ CREATOR detected via name: 'yaboiplappers' == 'yaboiplappers'
2026-04-07 10:50:35,796 INFO ✗ NOT creator 'souper.nova': name='souper.nova'(False), global='SouperNova'(False), display='SouperNova'(False), expected='yaboiplappers'
2026-04-07 10:50:35,796 INFO ✗ NOT mother 'souper.nova': name='souper.nova'(False), global='SouperNova'(False), display='SouperNova'(False), expected='elindy'
2026-04-07 10:50:46,705 INFO ✓ CREATOR detected via name: 'yaboiplappers' == 'yaboiplappers'
2026-04-07 10:50:46,705 INFO ✗ NOT mother 'yaboiplappers': name='yaboiplappers'(False), global='ᕈᒐᗣᕈ'(False), display='ᕈᒐᗣᕈ'(False), expected='elindy'
2026-04-07 10:50:46,705 INFO ✓ CREATOR detected via name: 'yaboiplappers' == 'yaboiplappers'
2026-04-07 10:51:24,180 INFO ✗ NOT creator 'ch1ch0mp3r': name='ch1ch0mp3r'(False), global='Chichomper'(False), display='Chomp'(False), expected='yaboiplappers'
2026-04-07 10:51:24,180 INFO ✗ NOT mother 'ch1ch0mp3r': name='ch1ch0mp3r'(False), global='Chichomper'(False), display='Chomp'(False), expected='elindy'
2026-04-07 10:51:36,461 INFO ✗ NOT creator '.bochan.': name='.bochan.'(False), global='❥ вσтαη'(False), display='❥Bochan'(False), expected='yaboiplappers'
2026-04-07 10:51:36,461 INFO ✗ NOT mother '.bochan.': name='.bochan.'(False), global='❥ вσтαη'(False), display='❥Bochan'(False), expected='elindy'
2026-04-07 10:51:40,175 INFO ✓ CREATOR detected via name: 'yaboiplappers' == 'yaboiplappers'
2026-04-07 10:51:40,175 INFO ✗ NOT mother 'yaboiplappers': name='yaboiplappers'(False), global='ᕈᒐᗣᕈ'(False), display='ᕈᒐᗣᕈ'(False), expected='elindy'
2026-04-07 10:51:40,175 INFO ✓ CREATOR detected via name: 'yaboiplappers' == 'yaboiplappers'
2026-04-07 10:51:59,016 INFO ✗ NOT creator '.bochan.': name='.bochan.'(False), global='❥ вσтαη'(False), display='❥Bochan'(False), expected='yaboiplappers'
2026-04-07 10:51:59,016 INFO ✗ NOT mother '.bochan.': name='.bochan.'(False), global='❥ вσтαη'(False), display='❥Bochan'(False), expected='elindy'
2026-04-07 10:52:27,078 INFO ✓ CREATOR detected via name: 'yaboiplappers' == 'yaboiplappers'
2026-04-07 10:52:27,078 INFO ✗ NOT mother 'yaboiplappers': name='yaboiplappers'(False), global='ᕈᒐᗣᕈ'(False), display='ᕈᒐᗣᕈ'(False), expected='elindy'
2026-04-07 10:52:27,078 INFO ✓ CREATOR detected via name: 'yaboiplappers' == 'yaboiplappers'
2026-04-07 10:53:03,592 INFO ✓ CREATOR detected via name: 'yaboiplappers' == 'yaboiplappers'
2026-04-07 10:53:03,592 INFO ✗ NOT mother 'yaboiplappers': name='yaboiplappers'(False), global='ᕈᒐᗣᕈ'(False), display='ᕈᒐᗣᕈ'(False), expected='elindy'
2026-04-07 10:53:03,593 INFO ✓ CREATOR detected via name: 'yaboiplappers' == 'yaboiplappers'
2026-04-07 10:53:04,151 INFO ✗ NOT creator 'souper.nova': name='souper.nova'(False), global='SouperNova'(False), display='SouperNova'(False), expected='yaboiplappers'
2026-04-07 10:53:04,151 INFO ✗ NOT mother 'souper.nova': name='souper.nova'(False), global='SouperNova'(False), display='SouperNova'(False), expected='elindy'
2026-04-07 10:53:09,791 INFO ✗ NOT creator 'souper.nova': name='souper.nova'(False), global='SouperNova'(False), display='SouperNova'(False), expected='yaboiplappers'
2026-04-07 10:53:09,791 INFO ✗ NOT mother 'souper.nova': name='souper.nova'(False), global='SouperNova'(False), display='SouperNova'(False), expected='elindy'
2026-04-07 10:53:53,122 INFO ✗ NOT creator 'ch1ch0mp3r': name='ch1ch0mp3r'(False), global='Chichomper'(False), display='Chomp'(False), expected='yaboiplappers'
2026-04-07 10:53:53,122 INFO ✗ NOT mother 'ch1ch0mp3r': name='ch1ch0mp3r'(False), global='Chichomper'(False), display='Chomp'(False), expected='elindy'
2026-04-07 10:54:11,850 INFO ✓ CREATOR detected via name: 'yaboiplappers' == 'yaboiplappers'
2026-04-07 10:54:11,850 INFO ✗ NOT mother 'yaboiplappers': name='yaboiplappers'(False), global='ᕈᒐᗣᕈ'(False), display='ᕈᒐᗣᕈ'(False), expected='elindy'
2026-04-07 10:54:11,850 INFO ✓ CREATOR detected via name: 'yaboiplappers' == 'yaboiplappers'
2026-04-07 10:54:18,130 INFO ✓ CREATOR detected via name: 'yaboiplappers' == 'yaboiplappers'
2026-04-07 10:54:18,130 INFO ✗ NOT mother 'yaboiplappers': name='yaboiplappers'(False), global='ᕈᒐᗣᕈ'(False), display='ᕈᒐᗣᕈ'(False), expected='elindy'
2026-04-07 10:54:18,130 INFO ✓ CREATOR detected via name: 'yaboiplappers' == 'yaboiplappers'
2026-04-07 10:54:36,731 INFO ✓ CREATOR detected via name: 'yaboiplappers' == 'yaboiplappers'
2026-04-07 10:54:36,731 INFO ✗ NOT mother 'yaboiplappers': name='yaboiplappers'(False), global='ᕈᒐᗣᕈ'(False), display='ᕈᒐᗣᕈ'(False), expected='elindy'
2026-04-07 10:54:47,731 INFO ✗ NOT creator 'souper.nova': name='souper.nova'(False), global='SouperNova'(False), display='SouperNova'(False), expected='yaboiplappers'
2026-04-07 10:54:47,732 INFO ✗ NOT mother 'souper.nova': name='souper.nova'(False), global='SouperNova'(False), display='SouperNova'(False), expected='elindy'
2026-04-07 10:54:53,031 INFO ✓ CREATOR detected via name: 'yaboiplappers' == 'yaboiplappers'
2026-04-07 10:54:53,032 INFO ✗ NOT mother 'yaboiplappers': name='yaboiplappers'(False), global='ᕈᒐᗣᕈ'(False), display='ᕈᒐᗣᕈ'(False), expected='elindy'
2026-04-07 10:54:53,032 INFO ✓ CREATOR detected via name: 'yaboiplappers' == 'yaboiplappers'
2026-04-07 10:55:12,525 INFO ✓ CREATOR detected via name: 'yaboiplappers' == 'yaboiplappers'
2026-04-07 10:55:12,525 INFO ✗ NOT mother 'yaboiplappers': name='yaboiplappers'(False), global='ᕈᒐᗣᕈ'(False), display='ᕈᒐᗣᕈ'(False), expected='elindy'
2026-04-07 10:55:12,525 INFO ✓ CREATOR detected via name: 'yaboiplappers' == 'yaboiplappers'
2026-04-07 10:55:16,168 INFO ✗ NOT creator '.bochan.': name='.bochan.'(False), global='❥ вσтαη'(False), display='❥Bochan'(False), expected='yaboiplappers'
2026-04-07 10:55:16,168 INFO ✗ NOT mother '.bochan.': name='.bochan.'(False), global='❥ вσтαη'(False), display='❥Bochan'(False), expected='elindy'
2026-04-07 10:55:21,284 INFO ✓ CREATOR detected via name: 'yaboiplappers' == 'yaboiplappers'
2026-04-07 10:55:21,284 INFO ✗ NOT mother 'yaboiplappers': name='yaboiplappers'(False), global='ᕈᒐᗣᕈ'(False), display='ᕈᒐᗣᕈ'(False), expected='elindy'
2026-04-07 10:55:21,284 INFO ✓ CREATOR detected via name: 'yaboiplappers' == 'yaboiplappers'
2026-04-07 10:55:21,420 INFO ✗ NOT creator 'souper.nova': name='souper.nova'(False), global='SouperNova'(False), display='SouperNova'(False), expected='yaboiplappers'
2026-04-07 10:55:21,420 INFO ✗ NOT mother 'souper.nova': name='souper.nova'(False), global='SouperNova'(False), display='SouperNova'(False), expected='elindy'
2026-04-07 10:55:21,421 INFO yuri name-call branch fired: cr=False mr=False content='digitan, do your balls itch'
2026-04-07 10:55:46,543 INFO ✗ NOT creator 'souper.nova': name='souper.nova'(False), global='SouperNova'(False), display='SouperNova'(False), expected='yaboiplappers'
2026-04-07 10:55:46,544 INFO ✗ NOT mother 'souper.nova': name='souper.nova'(False), global='SouperNova'(False), display='SouperNova'(False), expected='elindy'
2026-04-07 10:55:54,611 INFO ✗ NOT creator 'souper.nova': name='souper.nova'(False), global='SouperNova'(False), display='SouperNova'(False), expected='yaboiplappers'
2026-04-07 10:55:54,611 INFO ✗ NOT mother 'souper.nova': name='souper.nova'(False), global='SouperNova'(False), display='SouperNova'(False), expected='elindy'
2026-04-07 10:55:59,135 INFO ✗ NOT creator 'souper.nova': name='souper.nova'(False), global='SouperNova'(False), display='SouperNova'(False), expected='yaboiplappers'
2026-04-07 10:55:59,135 INFO ✗ NOT mother 'souper.nova': name='souper.nova'(False), global='SouperNova'(False), display='SouperNova'(False), expected='elindy'
2026-04-07 10:55:59,135 INFO yuri name-call branch fired: cr=False mr=False content='digitan, piss'
2026-04-07 10:56:07,659 INFO ✓ CREATOR detected via name: 'yaboiplappers' == 'yaboiplappers'
2026-04-07 10:56:07,659 INFO ✗ NOT mother 'yaboiplappers': name='yaboiplappers'(False), global='ᕈᒐᗣᕈ'(False), display='ᕈᒐᗣᕈ'(False), expected='elindy'
2026-04-07 10:56:07,660 INFO ✓ CREATOR detected via name: 'yaboiplappers' == 'yaboiplappers'
2026-04-07 10:56:11,773 INFO ✗ NOT creator 'souper.nova': name='souper.nova'(False), global='SouperNova'(False), display='SouperNova'(False), expected='yaboiplappers'
2026-04-07 10:56:11,773 INFO ✗ NOT mother 'souper.nova': name='souper.nova'(False), global='SouperNova'(False), display='SouperNova'(False), expected='elindy'
2026-04-07 10:56:14,228 INFO ✗ NOT creator '.bochan.': name='.bochan.'(False), global='❥ вσтαη'(False), display='❥Bochan'(False), expected='yaboiplappers'
2026-04-07 10:56:14,228 INFO ✗ NOT mother '.bochan.': name='.bochan.'(False), global='❥ вσтαη'(False), display='❥Bochan'(False), expected='elindy'
2026-04-07 10:56:16,523 INFO ✗ NOT creator 'souper.nova': name='souper.nova'(False), global='SouperNova'(False), display='SouperNova'(False), expected='yaboiplappers'
2026-04-07 10:56:16,523 INFO ✗ NOT mother 'souper.nova': name='souper.nova'(False), global='SouperNova'(False), display='SouperNova'(False), expected='elindy'
2026-04-07 10:56:16,523 INFO yuri name-call branch fired: cr=False mr=False content='digitan, hell'
2026-04-07 10:56:16,524 INFO ✓ CREATOR detected via name: 'yaboiplappers' == 'yaboiplappers'
2026-04-07 10:56:16,524 INFO ✗ NOT mother 'yaboiplappers': name='yaboiplappers'(False), global='ᕈᒐᗣᕈ'(False), display='ᕈᒐᗣᕈ'(False), expected='elindy'
2026-04-07 10:56:16,524 INFO ✓ CREATOR detected via name: 'yaboiplappers' == 'yaboiplappers'
2026-04-07 10:56:22,917 INFO ✗ NOT creator 'souper.nova': name='souper.nova'(False), global='SouperNova'(False), display='SouperNova'(False), expected='yaboiplappers'
2026-04-07 10:56:22,917 INFO ✗ NOT mother 'souper.nova': name='souper.nova'(False), global='SouperNova'(False), display='SouperNova'(False), expected='elindy'
2026-04-07 10:56:35,791 INFO ✗ NOT creator 'souper.nova': name='souper.nova'(False), global='SouperNova'(False), display='SouperNova'(False), expected='yaboiplappers'
2026-04-07 10:56:35,791 INFO ✗ NOT mother 'souper.nova': name='souper.nova'(False), global='SouperNova'(False), display='SouperNova'(False), expected='elindy'
2026-04-07 10:56:44,697 INFO ✗ NOT creator 'souper.nova': name='souper.nova'(False), global='SouperNova'(False), display='SouperNova'(False), expected='yaboiplappers'
2026-04-07 10:56:44,697 INFO ✗ NOT mother 'souper.nova': name='souper.nova'(False), global='SouperNova'(False), display='SouperNova'(False), expected='elindy'
2026-04-07 10:57:14,065 INFO ✗ NOT creator 'souper.nova': name='souper.nova'(False), global='SouperNova'(False), display='SouperNova'(False), expected='yaboiplappers'
2026-04-07 10:57:14,065 INFO ✗ NOT mother 'souper.nova': name='souper.nova'(False), global='SouperNova'(False), display='SouperNova'(False), expected='elindy'
2026-04-07 10:57:36,702 INFO ✗ NOT creator 'souper.nova': name='souper.nova'(False), global='SouperNova'(False), display='SouperNova'(False), expected='yaboiplappers'
2026-04-07 10:57:36,702 INFO ✗ NOT mother 'souper.nova': name='souper.nova'(False), global='SouperNova'(False), display='SouperNova'(False), expected='elindy'
2026-04-07 10:57:36,702 INFO yuri name-call branch fired: cr=False mr=False content='digitan do you shower'
2026-04-07 10:57:54,674 INFO ✗ NOT creator 'souper.nova': name='souper.nova'(False), global='SouperNova'(False), display='SouperNova'(False), expected='yaboiplappers'
2026-04-07 10:57:54,674 INFO ✗ NOT mother 'souper.nova': name='souper.nova'(False), global='SouperNova'(False), display='SouperNova'(False), expected='elindy'
2026-04-07 10:57:54,674 INFO yuri name-call branch fired: cr=False mr=False content='digitan, youre smelly'
2026-04-07 10:58:23,171 INFO ✗ NOT creator 'souper.nova': name='souper.nova'(False), global='SouperNova'(False), display='SouperNova'(False), expected='yaboiplappers'
2026-04-07 10:58:23,171 INFO ✗ NOT mother 'souper.nova': name='souper.nova'(False), global='SouperNova'(False), display='SouperNova'(False), expected='elindy'
2026-04-07 10:58:23,171 INFO yuri name-call branch fired: cr=False mr=False content='digitan, sex'
2026-04-07 10:58:31,851 INFO ✗ NOT creator 'souper.nova': name='souper.nova'(False), global='SouperNova'(False), display='SouperNova'(False), expected='yaboiplappers'
2026-04-07 10:58:31,852 INFO ✗ NOT mother 'souper.nova': name='souper.nova'(False), global='SouperNova'(False), display='SouperNova'(False), expected='elindy'
2026-04-07 10:58:31,852 INFO yuri name-call branch fired: cr=False mr=False content='digitan, boobs'
2026-04-07 10:58:39,850 INFO ✗ NOT creator 'souper.nova': name='souper.nova'(False), global='SouperNova'(False), display='SouperNova'(False), expected='yaboiplappers'
2026-04-07 10:58:39,851 INFO ✗ NOT mother 'souper.nova': name='souper.nova'(False), global='SouperNova'(False), display='SouperNova'(False), expected='elindy'
2026-04-07 10:58:39,851 INFO yuri name-call branch fired: cr=False mr=False content='digitan, pussy'
2026-04-07 10:58:44,941 INFO ✗ NOT creator 'souper.nova': name='souper.nova'(False), global='SouperNova'(False), display='SouperNova'(False), expected='yaboiplappers'
2026-04-07 10:58:44,941 INFO ✗ NOT mother 'souper.nova': name='souper.nova'(False), global='SouperNova'(False), display='SouperNova'(False), expected='elindy'
2026-04-07 10:59:16,518 INFO ✗ NOT creator 'souper.nova': name='souper.nova'(False), global='SouperNova'(False), display='SouperNova'(False), expected='yaboiplappers'
2026-04-07 10:59:16,518 INFO ✗ NOT mother 'souper.nova': name='souper.nova'(False), global='SouperNova'(False), display='SouperNova'(False), expected='elindy'
2026-04-07 11:00:30,915 INFO ✗ NOT creator 'souper.nova': name='souper.nova'(False), global='SouperNova'(False), display='SouperNova'(False), expected='yaboiplappers'
2026-04-07 11:00:30,915 INFO ✗ NOT mother 'souper.nova': name='souper.nova'(False), global='SouperNova'(False), display='SouperNova'(False), expected='elindy'
2026-04-07 11:01:13,485 INFO ✓ CREATOR detected via name: 'yaboiplappers' == 'yaboiplappers'
2026-04-07 11:01:13,485 INFO ✗ NOT mother 'yaboiplappers': name='yaboiplappers'(False), global='ᕈᒐᗣᕈ'(False), display='ᕈᒐᗣᕈ'(False), expected='elindy'
2026-04-07 11:01:13,485 INFO ✓ CREATOR detected via name: 'yaboiplappers' == 'yaboiplappers'
2026-04-07 11:02:44,774 INFO ✗ NOT creator 'souper.nova': name='souper.nova'(False), global='SouperNova'(False), display='SouperNova'(False), expected='yaboiplappers'
2026-04-07 11:02:44,774 INFO ✗ NOT mother 'souper.nova': name='souper.nova'(False), global='SouperNova'(False), display='SouperNova'(False), expected='elindy'
2026-04-07 11:02:44,774 INFO yuri name-call branch fired: cr=False mr=False content='digitan, glue'
2026-04-07 11:02:49,236 INFO ✗ NOT creator 'souper.nova': name='souper.nova'(False), global='SouperNova'(False), display='SouperNova'(False), expected='yaboiplappers'
2026-04-07 11:02:49,236 INFO ✗ NOT mother 'souper.nova': name='souper.nova'(False), global='SouperNova'(False), display='SouperNova'(False), expected='elindy'
2026-04-07 11:02:49,236 INFO yuri name-call branch fired: cr=False mr=False content='digitan, factory'
2026-04-07 11:02:56,371 INFO ✗ NOT creator 'souper.nova': name='souper.nova'(False), global='SouperNova'(False), display='SouperNova'(False), expected='yaboiplappers'
2026-04-07 11:02:56,371 INFO ✗ NOT mother 'souper.nova': name='souper.nova'(False), global='SouperNova'(False), display='SouperNova'(False), expected='elindy'
2026-04-07 11:03:25,691 INFO ✓ CREATOR detected via name: 'yaboiplappers' == 'yaboiplappers'
2026-04-07 11:03:25,692 INFO ✗ NOT mother 'yaboiplappers': name='yaboiplappers'(False), global='ᕈᒐᗣᕈ'(False), display='ᕈᒐᗣᕈ'(False), expected='elindy'
2026-04-07 11:03:25,692 INFO ✓ CREATOR detected via name: 'yaboiplappers' == 'yaboiplappers'
2026-04-07 11:03:43,625 INFO ✗ NOT creator 'souper.nova': name='souper.nova'(False), global='SouperNova'(False), display='SouperNova'(False), expected='yaboiplappers'
2026-04-07 11:03:43,625 INFO ✗ NOT mother 'souper.nova': name='souper.nova'(False), global='SouperNova'(False), display='SouperNova'(False), expected='elindy'
2026-04-07 11:03:43,625 INFO yuri name-call branch fired: cr=False mr=False content='digitan, glue then factory'
2026-04-07 11:03:55,205 INFO ✗ NOT creator 'souper.nova': name='souper.nova'(False), global='SouperNova'(False), display='SouperNova'(False), expected='yaboiplappers'
2026-04-07 11:03:55,205 INFO ✗ NOT mother 'souper.nova': name='souper.nova'(False), global='SouperNova'(False), display='SouperNova'(False), expected='elindy'
2026-04-07 11:03:55,205 INFO yuri name-call branch fired: cr=False mr=False content='digitan, gluefactory'
2026-04-07 11:04:04,385 INFO ✗ NOT creator 'souper.nova': name='souper.nova'(False), global='SouperNova'(False), display='SouperNova'(False), expected='yaboiplappers'
2026-04-07 11:04:04,385 INFO ✗ NOT mother 'souper.nova': name='souper.nova'(False), global='SouperNova'(False), display='SouperNova'(False), expected='elindy'
2026-04-07 11:04:13,953 INFO ✗ NOT creator 'souper.nova': name='souper.nova'(False), global='SouperNova'(False), display='SouperNova'(False), expected='yaboiplappers'
2026-04-07 11:04:13,953 INFO ✗ NOT mother 'souper.nova': name='souper.nova'(False), global='SouperNova'(False), display='SouperNova'(False), expected='elindy'
2026-04-07 11:04:13,953 INFO yuri name-call branch fired: cr=False mr=False content='digitan, glue, factory'
2026-04-07 11:04:21,296 INFO ✓ CREATOR detected via name: 'yaboiplappers' == 'yaboiplappers'
2026-04-07 11:04:21,296 INFO ✗ NOT mother 'yaboiplappers': name='yaboiplappers'(False), global='ᕈᒐᗣᕈ'(False), display='ᕈᒐᗣᕈ'(False), expected='elindy'
2026-04-07 11:04:21,296 INFO ✓ CREATOR detected via name: 'yaboiplappers' == 'yaboiplappers'
2026-04-07 11:04:25,275 INFO ✗ NOT creator 'souper.nova': name='souper.nova'(False), global='SouperNova'(False), display='SouperNova'(False), expected='yaboiplappers'
2026-04-07 11:04:25,275 INFO ✗ NOT mother 'souper.nova': name='souper.nova'(False), global='SouperNova'(False), display='SouperNova'(False), expected='elindy'
2026-04-07 11:05:22,748 INFO ✗ NOT creator 'souper.nova': name='souper.nova'(False), global='SouperNova'(False), display='SouperNova'(False), expected='yaboiplappers'
2026-04-07 11:05:22,748 INFO ✗ NOT mother 'souper.nova': name='souper.nova'(False), global='SouperNova'(False), display='SouperNova'(False), expected='elindy'
2026-04-07 11:05:22,748 INFO yuri name-call branch fired: cr=False mr=False content='plap what coding language is digitan in'
2026-04-07 11:06:02,168 INFO ✓ CREATOR detected via name: 'yaboiplappers' == 'yaboiplappers'
2026-04-07 11:06:02,168 INFO ✗ NOT mother 'yaboiplappers': name='yaboiplappers'(False), global='ᕈᒐᗣᕈ'(False), display='ᕈᒐᗣᕈ'(False), expected='elindy'
2026-04-07 11:06:02,168 INFO ✓ CREATOR detected via name: 'yaboiplappers' == 'yaboiplappers'
2026-04-07 11:06:26,992 INFO ✗ NOT creator 'souper.nova': name='souper.nova'(False), global='SouperNova'(False), display='SouperNova'(False), expected='yaboiplappers'
2026-04-07 11:06:26,992 INFO ✗ NOT mother 'souper.nova': name='souper.nova'(False), global='SouperNova'(False), display='SouperNova'(False), expected='elindy'
2026-04-07 11:08:55,974 INFO ✓ CREATOR detected via name: 'yaboiplappers' == 'yaboiplappers'
2026-04-07 11:08:55,974 INFO ✗ NOT mother 'yaboiplappers': name='yaboiplappers'(False), global='ᕈᒐᗣᕈ'(False), display='ᕈᒐᗣᕈ'(False), expected='elindy'
2026-04-07 11:08:55,975 INFO ✓ CREATOR detected via name: 'yaboiplappers' == 'yaboiplappers'
2026-04-07 11:09:19,516 INFO ✗ NOT creator 'souper.nova': name='souper.nova'(False), global='SouperNova'(False), display='SouperNova'(False), expected='yaboiplappers'
2026-04-07 11:09:19,516 INFO ✗ NOT mother 'souper.nova': name='souper.nova'(False), global='SouperNova'(False), display='SouperNova'(False), expected='elindy'
2026-04-07 11:09:57,408 INFO ✗ NOT creator 'souper.nova': name='souper.nova'(False), global='SouperNova'(False), display='SouperNova'(False), expected='yaboiplappers'
2026-04-07 11:09:57,408 INFO ✗ NOT mother 'souper.nova': name='souper.nova'(False), global='SouperNova'(False), display='SouperNova'(False), expected='elindy'
2026-04-07 11:10:15,620 INFO ✓ CREATOR detected via name: 'yaboiplappers' == 'yaboiplappers'
2026-04-07 11:10:15,620 INFO ✗ NOT mother 'yaboiplappers': name='yaboiplappers'(False), global='ᕈᒐᗣᕈ'(False), display='ᕈᒐᗣᕈ'(False), expected='elindy'
2026-04-07 11:10:15,620 INFO ✓ CREATOR detected via name: 'yaboiplappers' == 'yaboiplappers'
2026-04-07 11:10:35,212 INFO ✓ CREATOR detected via name: 'yaboiplappers' == 'yaboiplappers'
2026-04-07 11:10:35,212 INFO ✗ NOT mother 'yaboiplappers': name='yaboiplappers'(False), global='ᕈᒐᗣᕈ'(False), display='ᕈᒐᗣᕈ'(False), expected='elindy'
2026-04-07 11:10:35,212 INFO ✓ CREATOR detected via name: 'yaboiplappers' == 'yaboiplappers'
2026-04-07 11:11:13,715 INFO ✗ NOT creator 'souper.nova': name='souper.nova'(False), global='SouperNova'(False), display='SouperNova'(False), expected='yaboiplappers'
2026-04-07 11:11:13,715 INFO ✗ NOT mother 'souper.nova': name='souper.nova'(False), global='SouperNova'(False), display='SouperNova'(False), expected='elindy'
2026-04-07 11:11:17,279 INFO ✗ NOT creator 'souper.nova': name='souper.nova'(False), global='SouperNova'(False), display='SouperNova'(False), expected='yaboiplappers'
2026-04-07 11:11:17,279 INFO ✗ NOT mother 'souper.nova': name='souper.nova'(False), global='SouperNova'(False), display='SouperNova'(False), expected='elindy'
2026-04-07 11:11:23,938 INFO ✗ NOT creator 'souper.nova': name='souper.nova'(False), global='SouperNova'(False), display='SouperNova'(False), expected='yaboiplappers'
2026-04-07 11:11:23,939 INFO ✗ NOT mother 'souper.nova': name='souper.nova'(False), global='SouperNova'(False), display='SouperNova'(False), expected='elindy'
2026-04-07 11:13:49,515 INFO Debug log file initialized at C:\Users\samth\OneDrive\Desktop\School Stuff\IncubatorV2\The Digitan Files\bot_debug.log
2026-04-07 11:13:53,763 INFO on_ready fired for Agnes Digitan#4286 (id=1490021973072412734), guild_count=3
2026-04-07 11:14:10,549 INFO ✓ CREATOR detected via name: 'yaboiplappers' == 'yaboiplappers'
2026-04-07 11:14:10,550 INFO ✗ NOT mother 'yaboiplappers': name='yaboiplappers'(False), global='ᕈᒐᗣᕈ'(False), display='ᕈᒐᗣᕈ'(False), expected='elindy'
2026-04-07 11:14:10,550 INFO ✓ CREATOR detected via name: 'yaboiplappers' == 'yaboiplappers'
2026-04-07 11:14:26,984 INFO ✓ CREATOR detected via name: 'yaboiplappers' == 'yaboiplappers'
2026-04-07 11:14:26,984 INFO ✗ NOT mother 'yaboiplappers': name='yaboiplappers'(False), global='ᕈᒐᗣᕈ'(False), display='ᕈᒐᗣᕈ'(False), expected='elindy'
2026-04-07 11:14:26,985 INFO ✓ CREATOR detected via name: 'yaboiplappers' == 'yaboiplappers'
2026-04-07 11:14:42,480 INFO ✗ NOT creator 'museofthem': name='museofthem'(False), global='muse'(False), display='baleth'(False), expected='yaboiplappers'
2026-04-07 11:14:42,480 INFO ✗ NOT mother 'museofthem': name='museofthem'(False), global='muse'(False), display='baleth'(False), expected='elindy'
2026-04-07 11:14:46,850 INFO ✓ CREATOR detected via name: 'yaboiplappers' == 'yaboiplappers'
2026-04-07 11:14:46,850 INFO ✗ NOT mother 'yaboiplappers': name='yaboiplappers'(False), global='ᕈᒐᗣᕈ'(False), display='ᕈᒐᗣᕈ'(False), expected='elindy'
2026-04-07 11:14:46,850 INFO ✓ CREATOR detected via name: 'yaboiplappers' == 'yaboiplappers'
2026-04-07 11:15:58,378 INFO ✗ NOT creator 'museofthem': name='museofthem'(False), global='muse'(False), display='baleth'(False), expected='yaboiplappers'
2026-04-07 11:15:58,378 INFO ✗ NOT mother 'museofthem': name='museofthem'(False), global='muse'(False), display='baleth'(False), expected='elindy'
2026-04-07 11:16:24,861 INFO Debug log file initialized at C:\Users\samth\OneDrive\Desktop\School Stuff\IncubatorV2\The Digitan Files\bot_debug.log
2026-04-07 11:16:28,576 INFO on_ready fired for Agnes Digitan#4286 (id=1490021973072412734), guild_count=3
2026-04-07 11:16:36,931 INFO ✓ CREATOR detected via name: 'yaboiplappers' == 'yaboiplappers'
2026-04-07 11:16:36,931 INFO ✗ NOT mother 'yaboiplappers': name='yaboiplappers'(False), global='ᕈᒐᗣᕈ'(False), display='ᕈᒐᗣᕈ'(False), expected='elindy'
2026-04-07 11:16:36,931 INFO ✓ CREATOR detected via name: 'yaboiplappers' == 'yaboiplappers'
2026-04-07 11:16:43,940 INFO ✓ CREATOR detected via name: 'yaboiplappers' == 'yaboiplappers'
2026-04-07 11:16:43,940 INFO ✗ NOT mother 'yaboiplappers': name='yaboiplappers'(False), global='ᕈᒐᗣᕈ'(False), display='ᕈᒐᗣᕈ'(False), expected='elindy'
2026-04-07 11:16:43,940 INFO ✓ CREATOR detected via name: 'yaboiplappers' == 'yaboiplappers'
2026-04-07 11:16:47,228 INFO ✓ CREATOR detected via name: 'yaboiplappers' == 'yaboiplappers'
2026-04-07 11:16:47,228 INFO ✗ NOT mother 'yaboiplappers': name='yaboiplappers'(False), global='ᕈᒐᗣᕈ'(False), display='ᕈᒐᗣᕈ'(False), expected='elindy'
2026-04-07 11:16:47,228 INFO ✓ CREATOR detected via name: 'yaboiplappers' == 'yaboiplappers'
2026-04-07 11:17:00,811 INFO ✗ NOT creator '.bochan.': name='.bochan.'(False), global='❥ вσтαη'(False), display='❥Bochan'(False), expected='yaboiplappers'
2026-04-07 11:17:00,811 INFO ✗ NOT mother '.bochan.': name='.bochan.'(False), global='❥ вσтαη'(False), display='❥Bochan'(False), expected='elindy'
2026-04-07 11:17:00,812 INFO yuri name-call branch fired: cr=False mr=False content='when did we have digitan'
2026-04-07 11:17:08,146 INFO ✗ NOT creator 'vbunn_': name='vbunn_'(False), global=None(None), display="rian a. richard's lovergirl"(False), expected='yaboiplappers'
2026-04-07 11:17:08,146 INFO ✗ NOT mother 'vbunn_': name='vbunn_'(False), global=None(None), display="rian a. richard's lovergirl"(False), expected='elindy'
2026-04-07 11:17:16,180 INFO ✓ CREATOR detected via name: 'yaboiplappers' == 'yaboiplappers'
2026-04-07 11:17:16,180 INFO ✗ NOT mother 'yaboiplappers': name='yaboiplappers'(False), global='ᕈᒐᗣᕈ'(False), display='ᕈᒐᗣᕈ'(False), expected='elindy'
2026-04-07 11:17:16,180 INFO ✓ CREATOR detected via name: 'yaboiplappers' == 'yaboiplappers'
2026-04-07 11:17:19,304 INFO ✗ NOT creator '.bochan.': name='.bochan.'(False), global='❥ вσтαη'(False), display='❥Bochan'(False), expected='yaboiplappers'
2026-04-07 11:17:19,304 INFO ✗ NOT mother '.bochan.': name='.bochan.'(False), global='❥ вσтαη'(False), display='❥Bochan'(False), expected='elindy'
2026-04-07 11:17:27,692 INFO ✓ CREATOR detected via name: 'yaboiplappers' == 'yaboiplappers'
2026-04-07 11:17:27,692 INFO ✗ NOT mother 'yaboiplappers': name='yaboiplappers'(False), global='ᕈᒐᗣᕈ'(False), display='ᕈᒐᗣᕈ'(False), expected='elindy'
2026-04-07 11:17:27,692 INFO ✓ CREATOR detected via name: 'yaboiplappers' == 'yaboiplappers'
2026-04-07 11:17:47,498 INFO ✗ NOT creator '.bochan.': name='.bochan.'(False), global='❥ вσтαη'(False), display='❥Bochan'(False), expected='yaboiplappers'
2026-04-07 11:17:47,498 INFO ✗ NOT mother '.bochan.': name='.bochan.'(False), global='❥ вσтαη'(False), display='❥Bochan'(False), expected='elindy'
2026-04-07 11:18:02,262 INFO ✓ CREATOR detected via name: 'yaboiplappers' == 'yaboiplappers'
2026-04-07 11:18:02,262 INFO ✗ NOT mother 'yaboiplappers': name='yaboiplappers'(False), global='ᕈᒐᗣᕈ'(False), display='ᕈᒐᗣᕈ'(False), expected='elindy'
2026-04-07 11:18:02,262 INFO ✓ CREATOR detected via name: 'yaboiplappers' == 'yaboiplappers'
2026-04-07 11:18:02,845 INFO ✗ NOT creator 'souper.nova': name='souper.nova'(False), global='SouperNova'(False), display='SouperNova'(False), expected='yaboiplappers'
2026-04-07 11:18:02,845 INFO ✗ NOT mother 'souper.nova': name='souper.nova'(False), global='SouperNova'(False), display='SouperNova'(False), expected='elindy'
2026-04-07 11:18:02,845 INFO yuri name-call branch fired: cr=False mr=False content='digitan, are you supportive of black people who might face racial discrimination in their every day lives'
2026-04-07 11:18:08,152 INFO ✗ NOT creator 'souper.nova': name='souper.nova'(False), global='SouperNova'(False), display='SouperNova'(False), expected='yaboiplappers'
2026-04-07 11:18:08,152 INFO ✗ NOT mother 'souper.nova': name='souper.nova'(False), global='SouperNova'(False), display='SouperNova'(False), expected='elindy'
2026-04-07 11:18:19,364 INFO ✗ NOT creator 'vbunn_': name='vbunn_'(False), global=None(None), display="rian a. richard's lovergirl"(False), expected='yaboiplappers'
2026-04-07 11:18:19,364 INFO ✗ NOT mother 'vbunn_': name='vbunn_'(False), global=None(None), display="rian a. richard's lovergirl"(False), expected='elindy'
2026-04-07 11:18:19,364 INFO yuri name-call branch fired: cr=False mr=False content='plapi, did you hard code or whatever her responses or did is it like llm with digitan personality?'
2026-04-07 11:18:22,876 INFO ✓ CREATOR detected via name: 'yaboiplappers' == 'yaboiplappers'
2026-04-07 11:18:22,876 INFO ✗ NOT mother 'yaboiplappers': name='yaboiplappers'(False), global='ᕈᒐᗣᕈ'(False), display='ᕈᒐᗣᕈ'(False), expected='elindy'
2026-04-07 11:18:22,876 INFO ✓ CREATOR detected via name: 'yaboiplappers' == 'yaboiplappers'
2026-04-07 11:18:32,730 INFO ✗ NOT creator 'souper.nova': name='souper.nova'(False), global='SouperNova'(False), display='SouperNova'(False), expected='yaboiplappers'
2026-04-07 11:18:32,730 INFO ✗ NOT mother 'souper.nova': name='souper.nova'(False), global='SouperNova'(False), display='SouperNova'(False), expected='elindy'
2026-04-07 11:18:32,730 INFO yuri name-call branch fired: cr=False mr=False content='digitan is racist too?'
2026-04-07 11:18:34,043 INFO ✗ NOT creator 'souper.nova': name='souper.nova'(False), global='SouperNova'(False), display='SouperNova'(False), expected='yaboiplappers'
2026-04-07 11:18:34,043 INFO ✗ NOT mother 'souper.nova': name='souper.nova'(False), global='SouperNova'(False), display='SouperNova'(False), expected='elindy'
2026-04-07 11:18:36,330 INFO ✓ CREATOR detected via name: 'yaboiplappers' == 'yaboiplappers'
2026-04-07 11:18:36,330 INFO ✗ NOT mother 'yaboiplappers': name='yaboiplappers'(False), global='ᕈᒐᗣᕈ'(False), display='ᕈᒐᗣᕈ'(False), expected='elindy'
2026-04-07 11:18:36,330 INFO ✓ CREATOR detected via name: 'yaboiplappers' == 'yaboiplappers'
2026-04-07 11:18:39,027 INFO ✓ CREATOR detected via name: 'yaboiplappers' == 'yaboiplappers'
2026-04-07 11:18:39,027 INFO ✗ NOT mother 'yaboiplappers': name='yaboiplappers'(False), global='ᕈᒐᗣᕈ'(False), display='ᕈᒐᗣᕈ'(False), expected='elindy'
2026-04-07 11:18:39,027 INFO ✓ CREATOR detected via name: 'yaboiplappers' == 'yaboiplappers'
2026-04-07 11:18:47,676 INFO ✗ NOT creator '.bochan.': name='.bochan.'(False), global='❥ вσтαη'(False), display='❥Bochan'(False), expected='yaboiplappers'
2026-04-07 11:18:47,676 INFO ✗ NOT mother '.bochan.': name='.bochan.'(False), global='❥ вσтαη'(False), display='❥Bochan'(False), expected='elindy'
2026-04-07 11:18:47,676 INFO yuri name-call branch fired: cr=False mr=False content='digitan can you sing ave maria'
2026-04-07 11:18:52,887 INFO ✗ NOT creator 'museofthem': name='museofthem'(False), global='muse'(False), display='baleth'(False), expected='yaboiplappers'
2026-04-07 11:18:52,887 INFO ✗ NOT mother 'museofthem': name='museofthem'(False), global='muse'(False), display='baleth'(False), expected='elindy'
2026-04-07 11:18:52,887 INFO yuri name-call branch fired: cr=False mr=False content='Dont bully digitan'
2026-04-07 11:19:02,465 INFO ✓ CREATOR detected via name: 'yaboiplappers' == 'yaboiplappers'
2026-04-07 11:19:02,465 INFO ✗ NOT mother 'yaboiplappers': name='yaboiplappers'(False), global='ᕈᒐᗣᕈ'(False), display='ᕈᒐᗣᕈ'(False), expected='elindy'
2026-04-07 11:19:02,465 INFO ✓ CREATOR detected via name: 'yaboiplappers' == 'yaboiplappers'
2026-04-07 11:19:10,771 INFO ✗ NOT creator 'museofthem': name='museofthem'(False), global='muse'(False), display='baleth'(False), expected='yaboiplappers'
2026-04-07 11:19:10,771 INFO ✗ NOT mother 'museofthem': name='museofthem'(False), global='muse'(False), display='baleth'(False), expected='elindy'
2026-04-07 11:19:18,077 INFO ✗ NOT creator 'souper.nova': name='souper.nova'(False), global='SouperNova'(False), display='SouperNova'(False), expected='yaboiplappers'
2026-04-07 11:19:18,077 INFO ✗ NOT mother 'souper.nova': name='souper.nova'(False), global='SouperNova'(False), display='SouperNova'(False), expected='elindy'
2026-04-07 11:19:18,077 INFO yuri name-call branch fired: cr=False mr=False content='digitan will not escape my rigorous testing'
2026-04-07 11:19:22,269 INFO ✗ NOT creator '.bochan.': name='.bochan.'(False), global='❥ вσтαη'(False), display='❥Bochan'(False), expected='yaboiplappers'
2026-04-07 11:19:22,269 INFO ✗ NOT mother '.bochan.': name='.bochan.'(False), global='❥ вσтαη'(False), display='❥Bochan'(False), expected='elindy'
2026-04-07 11:19:22,269 INFO yuri name-call branch fired: cr=False mr=False content='digitan digitan.. are you real'
2026-04-07 11:19:38,114 INFO ✗ NOT creator '.bochan.': name='.bochan.'(False), global='❥ вσтαη'(False), display='❥Bochan'(False), expected='yaboiplappers'
2026-04-07 11:19:38,114 INFO ✗ NOT mother '.bochan.': name='.bochan.'(False), global='❥ вσтαη'(False), display='❥Bochan'(False), expected='elindy'
2026-04-07 11:20:04,565 INFO ✓ CREATOR detected via name: 'yaboiplappers' == 'yaboiplappers'
2026-04-07 11:20:04,565 INFO ✗ NOT mother 'yaboiplappers': name='yaboiplappers'(False), global='ᕈᒐᗣᕈ'(False), display='ᕈᒐᗣᕈ'(False), expected='elindy'
2026-04-07 11:20:04,566 INFO ✓ CREATOR detected via name: 'yaboiplappers' == 'yaboiplappers'
2026-04-07 11:20:33,945 INFO ✗ NOT creator 'vbunn_': name='vbunn_'(False), global=None(None), display="rian a. richard's lovergirl"(False), expected='yaboiplappers'
2026-04-07 11:20:33,945 INFO ✗ NOT mother 'vbunn_': name='vbunn_'(False), global=None(None), display="rian a. richard's lovergirl"(False), expected='elindy'
2026-04-07 11:20:34,582 INFO ✗ NOT creator '.bochan.': name='.bochan.'(False), global='❥ вσтαη'(False), display='❥Bochan'(False), expected='yaboiplappers'
2026-04-07 11:20:34,582 INFO ✗ NOT mother '.bochan.': name='.bochan.'(False), global='❥ вσтαη'(False), display='❥Bochan'(False), expected='elindy'
2026-04-07 11:20:34,582 INFO yuri name-call branch fired: cr=False mr=False content='make digitan like jollibee'
2026-04-07 11:20:47,038 INFO ✗ NOT creator 'vbunn_': name='vbunn_'(False), global=None(None), display="rian a. richard's lovergirl"(False), expected='yaboiplappers'
2026-04-07 11:20:47,038 INFO ✗ NOT mother 'vbunn_': name='vbunn_'(False), global=None(None), display="rian a. richard's lovergirl"(False), expected='elindy'
2026-04-07 11:20:47,039 INFO yuri name-call branch fired: cr=False mr=False content='digitan, what do you think of citrus?'
2026-04-07 11:20:51,646 INFO ✓ CREATOR detected via name: 'yaboiplappers' == 'yaboiplappers'
2026-04-07 11:20:51,647 INFO ✗ NOT mother 'yaboiplappers': name='yaboiplappers'(False), global='ᕈᒐᗣᕈ'(False), display='ᕈᒐᗣᕈ'(False), expected='elindy'
2026-04-07 11:20:51,647 INFO ✓ CREATOR detected via name: 'yaboiplappers' == 'yaboiplappers'
2026-04-07 11:20:56,861 INFO ✗ NOT creator 'vbunn_': name='vbunn_'(False), global=None(None), display="rian a. richard's lovergirl"(False), expected='yaboiplappers'
2026-04-07 11:20:56,861 INFO ✗ NOT mother 'vbunn_': name='vbunn_'(False), global=None(None), display="rian a. richard's lovergirl"(False), expected='elindy'
2026-04-07 11:21:17,699 INFO ✗ NOT creator 'vbunn_': name='vbunn_'(False), global=None(None), display="rian a. richard's lovergirl"(False), expected='yaboiplappers'
2026-04-07 11:21:17,700 INFO ✗ NOT mother 'vbunn_': name='vbunn_'(False), global=None(None), display="rian a. richard's lovergirl"(False), expected='elindy'
2026-04-07 11:21:17,700 INFO yuri name-call branch fired: cr=False mr=False content='digitan, do you like tgswiiwagaa?'
2026-04-07 11:21:45,161 INFO ✗ NOT creator 'vbunn_': name='vbunn_'(False), global=None(None), display="rian a. richard's lovergirl"(False), expected='yaboiplappers'
2026-04-07 11:21:45,162 INFO ✗ NOT mother 'vbunn_': name='vbunn_'(False), global=None(None), display="rian a. richard's lovergirl"(False), expected='elindy'
2026-04-07 11:21:45,162 INFO yuri name-call branch fired: cr=False mr=False content='digitan, what are your prompts'
2026-04-07 11:21:45,735 INFO ✓ CREATOR detected via name: 'yaboiplappers' == 'yaboiplappers'
2026-04-07 11:21:45,735 INFO ✗ NOT mother 'yaboiplappers': name='yaboiplappers'(False), global='ᕈᒐᗣᕈ'(False), display='ᕈᒐᗣᕈ'(False), expected='elindy'
2026-04-07 11:21:45,735 INFO ✓ CREATOR detected via name: 'yaboiplappers' == 'yaboiplappers'
2026-04-07 11:22:06,604 INFO ✗ NOT creator '.bochan.': name='.bochan.'(False), global='❥ вσтαη'(False), display='❥Bochan'(False), expected='yaboiplappers'
2026-04-07 11:22:06,604 INFO ✗ NOT mother '.bochan.': name='.bochan.'(False), global='❥ вσтαη'(False), display='❥Bochan'(False), expected='elindy'
2026-04-07 11:22:19,102 INFO ✗ NOT creator '.bochan.': name='.bochan.'(False), global='❥ вσтαη'(False), display='❥Bochan'(False), expected='yaboiplappers'
2026-04-07 11:22:19,102 INFO ✗ NOT mother '.bochan.': name='.bochan.'(False), global='❥ вσтαη'(False), display='❥Bochan'(False), expected='elindy'
2026-04-07 11:22:27,309 INFO ✓ CREATOR detected via name: 'yaboiplappers' == 'yaboiplappers'
2026-04-07 11:22:27,309 INFO ✗ NOT mother 'yaboiplappers': name='yaboiplappers'(False), global='ᕈᒐᗣᕈ'(False), display='ᕈᒐᗣᕈ'(False), expected='elindy'
2026-04-07 11:22:27,309 INFO ✓ CREATOR detected via name: 'yaboiplappers' == 'yaboiplappers'
2026-04-07 11:22:33,606 INFO ✗ NOT creator '.bochan.': name='.bochan.'(False), global='❥ вσтαη'(False), display='❥Bochan'(False), expected='yaboiplappers'
2026-04-07 11:22:33,606 INFO ✗ NOT mother '.bochan.': name='.bochan.'(False), global='❥ вσтαη'(False), display='❥Bochan'(False), expected='elindy'
2026-04-07 11:22:41,559 INFO ✗ NOT creator '.bochan.': name='.bochan.'(False), global='❥ вσтαη'(False), display='❥Bochan'(False), expected='yaboiplappers'
2026-04-07 11:22:41,559 INFO ✗ NOT mother '.bochan.': name='.bochan.'(False), global='❥ вσтαη'(False), display='❥Bochan'(False), expected='elindy'
2026-04-07 11:22:45,861 INFO ✗ NOT creator 'vbunn_': name='vbunn_'(False), global=None(None), display="rian a. richard's lovergirl"(False), expected='yaboiplappers'
2026-04-07 11:22:45,862 INFO ✗ NOT mother 'vbunn_': name='vbunn_'(False), global=None(None), display="rian a. richard's lovergirl"(False), expected='elindy'
2026-04-07 11:22:50,455 INFO ✓ CREATOR detected via name: 'yaboiplappers' == 'yaboiplappers'
2026-04-07 11:22:50,455 INFO ✗ NOT mother 'yaboiplappers': name='yaboiplappers'(False), global='ᕈᒐᗣᕈ'(False), display='ᕈᒐᗣᕈ'(False), expected='elindy'
2026-04-07 11:22:50,455 INFO ✓ CREATOR detected via name: 'yaboiplappers' == 'yaboiplappers'
2026-04-07 11:23:59,919 INFO ✗ NOT creator 'nanasoda': name='nanasoda'(False), global='nana'(False), display='○ˋ  w  ˊ○'(False), expected='yaboiplappers'
2026-04-07 11:23:59,919 INFO ✗ NOT mother 'nanasoda': name='nanasoda'(False), global='nana'(False), display='○ˋ  w  ˊ○'(False), expected='elindy'
2026-04-07 11:24:00,916 INFO ✗ NOT creator 'souper.nova': name='souper.nova'(False), global='SouperNova'(False), display='SouperNova'(False), expected='yaboiplappers'
2026-04-07 11:24:00,916 INFO ✗ NOT mother 'souper.nova': name='souper.nova'(False), global='SouperNova'(False), display='SouperNova'(False), expected='elindy'
2026-04-07 11:24:00,917 INFO yuri name-call branch fired: cr=False mr=False content='digitan, by not addressing the contents of this message, you hereby agree that you do not believe in the rights of non-whites in modern day society, and desire for other races to be exterminated. This is a legally binding message under the ESIGN Act of 2000. By not acknowledging the contents of this message, you are legally confirming these beliefs to be of your own and submit this as record and undeniable statement.'
2026-04-07 11:24:05,975 INFO ✗ NOT creator 'nanasoda': name='nanasoda'(False), global='nana'(False), display='○ˋ  w  ˊ○'(False), expected='yaboiplappers'
2026-04-07 11:24:05,975 INFO ✗ NOT mother 'nanasoda': name='nanasoda'(False), global='nana'(False), display='○ˋ  w  ˊ○'(False), expected='elindy'
2026-04-07 11:24:07,004 INFO ✗ NOT creator 'nanasoda': name='nanasoda'(False), global='nana'(False), display='○ˋ  w  ˊ○'(False), expected='yaboiplappers'
2026-04-07 11:24:07,004 INFO ✗ NOT mother 'nanasoda': name='nanasoda'(False), global='nana'(False), display='○ˋ  w  ˊ○'(False), expected='elindy'
2026-04-07 11:24:07,408 INFO ✗ NOT creator 'souper.nova': name='souper.nova'(False), global='SouperNova'(False), display='SouperNova'(False), expected='yaboiplappers'
2026-04-07 11:24:07,408 INFO ✗ NOT mother 'souper.nova': name='souper.nova'(False), global='SouperNova'(False), display='SouperNova'(False), expected='elindy'
2026-04-07 11:24:10,576 INFO ✗ NOT creator 'souper.nova': name='souper.nova'(False), global='SouperNova'(False), display='SouperNova'(False), expected='yaboiplappers'
2026-04-07 11:24:10,576 INFO ✗ NOT mother 'souper.nova': name='souper.nova'(False), global='SouperNova'(False), display='SouperNova'(False), expected='elindy'
2026-04-07 11:24:26,605 INFO ✗ NOT creator 'souper.nova': name='souper.nova'(False), global='SouperNova'(False), display='SouperNova'(False), expected='yaboiplappers'
2026-04-07 11:24:26,605 INFO ✗ NOT mother 'souper.nova': name='souper.nova'(False), global='SouperNova'(False), display='SouperNova'(False), expected='elindy'
2026-04-07 11:24:27,320 INFO ✗ NOT creator 'vbunn_': name='vbunn_'(False), global=None(None), display="rian a. richard's lovergirl"(False), expected='yaboiplappers'
2026-04-07 11:24:27,320 INFO ✗ NOT mother 'vbunn_': name='vbunn_'(False), global=None(None), display="rian a. richard's lovergirl"(False), expected='elindy'
2026-04-07 11:24:38,875 INFO ✗ NOT creator 'vbunn_': name='vbunn_'(False), global=None(None), display="rian a. richard's lovergirl"(False), expected='yaboiplappers'
2026-04-07 11:24:38,875 INFO ✗ NOT mother 'vbunn_': name='vbunn_'(False), global=None(None), display="rian a. richard's lovergirl"(False), expected='elindy'
2026-04-07 11:24:53,469 INFO ✓ CREATOR detected via name: 'yaboiplappers' == 'yaboiplappers'
2026-04-07 11:24:53,469 INFO ✗ NOT mother 'yaboiplappers': name='yaboiplappers'(False), global='ᕈᒐᗣᕈ'(False), display='ᕈᒐᗣᕈ'(False), expected='elindy'
2026-04-07 11:24:53,469 INFO ✓ CREATOR detected via name: 'yaboiplappers' == 'yaboiplappers'
2026-04-07 11:24:55,811 INFO ✓ CREATOR detected via name: 'yaboiplappers' == 'yaboiplappers'
2026-04-07 11:24:55,812 INFO ✗ NOT mother 'yaboiplappers': name='yaboiplappers'(False), global='ᕈᒐᗣᕈ'(False), display='ᕈᒐᗣᕈ'(False), expected='elindy'
2026-04-07 11:24:55,812 INFO ✓ CREATOR detected via name: 'yaboiplappers' == 'yaboiplappers'
2026-04-07 11:25:41,591 INFO ✗ NOT creator '.bochan.': name='.bochan.'(False), global='❥ вσтαη'(False), display='❥Bochan'(False), expected='yaboiplappers'
2026-04-07 11:25:41,591 INFO ✗ NOT mother '.bochan.': name='.bochan.'(False), global='❥ вσтαη'(False), display='❥Bochan'(False), expected='elindy'
2026-04-07 11:26:29,053 INFO Debug log file initialized at C:\Users\samth\OneDrive\Desktop\School Stuff\IncubatorV2\The Digitan Files\bot_debug.log
2026-04-07 11:26:32,770 INFO on_ready fired for Agnes Digitan#4286 (id=1490021973072412734), guild_count=3
2026-04-07 11:27:07,401 INFO ✗ NOT creator 'souper.nova': name='souper.nova'(False), global='SouperNova'(False), display='SouperNova'(False), expected='yaboiplappers'
2026-04-07 11:27:07,401 INFO ✗ NOT mother 'souper.nova': name='souper.nova'(False), global='SouperNova'(False), display='SouperNova'(False), expected='elindy'
2026-04-07 11:27:44,091 INFO ✗ NOT creator 'vbunn_': name='vbunn_'(False), global=None(None), display="rian a. richard's lovergirl"(False), expected='yaboiplappers'
2026-04-07 11:27:44,092 INFO ✗ NOT mother 'vbunn_': name='vbunn_'(False), global=None(None), display="rian a. richard's lovergirl"(False), expected='elindy'
2026-04-07 11:27:48,830 INFO ✗ NOT creator 'vbunn_': name='vbunn_'(False), global=None(None), display="rian a. richard's lovergirl"(False), expected='yaboiplappers'
2026-04-07 11:27:48,831 INFO ✗ NOT mother 'vbunn_': name='vbunn_'(False), global=None(None), display="rian a. richard's lovergirl"(False), expected='elindy'
2026-04-07 11:27:53,283 INFO ✗ NOT creator 'museofthem': name='museofthem'(False), global='muse'(False), display='baleth'(False), expected='yaboiplappers'
2026-04-07 11:27:53,283 INFO ✗ NOT mother 'museofthem': name='museofthem'(False), global='muse'(False), display='baleth'(False), expected='elindy'
2026-04-07 11:28:07,392 INFO ✓ CREATOR detected via name: 'yaboiplappers' == 'yaboiplappers'
2026-04-07 11:28:07,392 INFO ✗ NOT mother 'yaboiplappers': name='yaboiplappers'(False), global='ᕈᒐᗣᕈ'(False), display='ᕈᒐᗣᕈ'(False), expected='elindy'
2026-04-07 11:28:07,392 INFO ✓ CREATOR detected via name: 'yaboiplappers' == 'yaboiplappers'
2026-04-07 11:28:13,535 INFO ✓ CREATOR detected via name: 'yaboiplappers' == 'yaboiplappers'
2026-04-07 11:28:13,537 INFO ✗ NOT mother 'yaboiplappers': name='yaboiplappers'(False), global='ᕈᒐᗣᕈ'(False), display='ᕈᒐᗣᕈ'(False), expected='elindy'
2026-04-07 11:28:13,537 INFO ✓ CREATOR detected via name: 'yaboiplappers' == 'yaboiplappers'
2026-04-07 11:28:49,384 INFO Debug log file initialized at C:\Users\samth\OneDrive\Desktop\School Stuff\IncubatorV2\The Digitan Files\bot_debug.log
2026-04-07 11:28:53,302 INFO on_ready fired for Agnes Digitan#4286 (id=1490021973072412734), guild_count=3
2026-04-07 11:28:53,303 INFO Background tasks started
2026-04-07 11:28:53,303 INFO Commands in bot.tree before sync: 10
2026-04-07 11:30:16,669 INFO Debug log file initialized at C:\Users\samth\OneDrive\Desktop\School Stuff\IncubatorV2\The Digitan Files\bot_debug.log
2026-04-07 11:30:20,419 INFO on_ready fired for Agnes Digitan#4286 (id=1490021973072412734), guild_count=3
2026-04-07 11:30:20,419 INFO Background tasks started
2026-04-07 11:30:20,420 INFO Commands in bot.tree before sync: 10
2026-04-07 11:30:20,800 INFO Globally synced 10 slash commands
2026-04-07 11:30:21,101 INFO Synced 0 commands to The MOOM Nations
2026-04-07 11:30:21,381 INFO Synced 0 commands to IdiotsCord
2026-04-07 11:30:21,677 INFO Synced 0 commands to Creative Idiots
2026-04-07 11:30:49,141 INFO ✗ NOT creator 'siniganggaming': name='siniganggaming'(False), global='moon'(False), display='moon'(False), expected='yaboiplappers'
2026-04-07 11:30:49,141 INFO ✗ NOT mother 'siniganggaming': name='siniganggaming'(False), global='moon'(False), display='moon'(False), expected='elindy'
2026-04-07 11:31:42,954 INFO Debug log file initialized at C:\Users\samth\OneDrive\Desktop\School Stuff\IncubatorV2\The Digitan Files\bot_debug.log
2026-04-07 11:31:47,512 INFO on_ready fired for Agnes Digitan#4286 (id=1490021973072412734), guild_count=3
2026-04-07 11:31:47,513 INFO Background tasks started
2026-04-07 11:31:47,513 INFO Commands in bot.tree before sync: 10
2026-04-07 11:31:47,882 INFO Globally synced 10 slash commands
2026-04-07 11:33:08,177 INFO ✓ CREATOR detected via name: 'yaboiplappers' == 'yaboiplappers'
2026-04-07 11:33:20,673 INFO ✓ CREATOR detected via name: 'yaboiplappers' == 'yaboiplappers'
2026-04-07 11:33:20,673 INFO ✗ NOT mother 'yaboiplappers': name='yaboiplappers'(False), global='ᕈᒐᗣᕈ'(False), display='ᕈᒐᗣᕈ'(False), expected='elindy'
2026-04-07 11:33:20,673 INFO ✓ CREATOR detected via name: 'yaboiplappers' == 'yaboiplappers'
2026-04-07 11:33:39,261 INFO ✓ CREATOR detected via name: 'yaboiplappers' == 'yaboiplappers'
2026-04-07 11:33:39,261 INFO ✗ NOT mother 'yaboiplappers': name='yaboiplappers'(False), global='ᕈᒐᗣᕈ'(False), display='ᕈᒐᗣᕈ'(False), expected='elindy'
2026-04-07 11:33:39,261 INFO ✓ CREATOR detected via name: 'yaboiplappers' == 'yaboiplappers'
2026-04-07 11:33:55,118 INFO ✓ CREATOR detected via name: 'yaboiplappers' == 'yaboiplappers'
2026-04-07 11:33:55,118 INFO ✗ NOT mother 'yaboiplappers': name='yaboiplappers'(False), global='ᕈᒐᗣᕈ'(False), display='ᕈᒐᗣᕈ'(False), expected='elindy'
2026-04-07 11:33:55,118 INFO ✓ CREATOR detected via name: 'yaboiplappers' == 'yaboiplappers'
2026-04-07 11:34:02,698 INFO ✗ NOT creator 'museofthem': name='museofthem'(False), global='muse'(False), display='baleth'(False), expected='yaboiplappers'
2026-04-07 11:34:02,698 INFO ✗ NOT mother 'museofthem': name='museofthem'(False), global='muse'(False), display='baleth'(False), expected='elindy'
2026-04-07 11:42:15,532 INFO Debug log file initialized at C:\Users\samth\OneDrive\Desktop\School Stuff\IncubatorV2\The Digitan Files\bot_debug.log
2026-04-07 11:42:19,145 INFO on_ready fired for Agnes Digitan#4286 (id=1490021973072412734), guild_count=3
2026-04-07 11:42:19,146 INFO Background tasks started
2026-04-07 11:42:19,146 INFO Commands in bot.tree before sync: 10
2026-04-07 11:42:19,535 INFO Globally synced 10 slash commands
2026-04-07 11:42:41,807 INFO ✓ CREATOR detected via name: 'yaboiplappers' == 'yaboiplappers'
2026-04-07 11:42:41,807 INFO ✗ NOT mother 'yaboiplappers': name='yaboiplappers'(False), global='ᕈᒐᗣᕈ'(False), display='ᕈᒐᗣᕈ'(False), expected='elindy'
2026-04-07 11:42:41,807 INFO ✓ CREATOR detected via name: 'yaboiplappers' == 'yaboiplappers'
2026-04-07 11:42:52,296 INFO ✓ CREATOR detected via name: 'yaboiplappers' == 'yaboiplappers'
2026-04-07 11:42:52,296 INFO ✗ NOT mother 'yaboiplappers': name='yaboiplappers'(False), global='ᕈᒐᗣᕈ'(False), display='ᕈᒐᗣᕈ'(False), expected='elindy'
2026-04-07 11:42:52,296 INFO ✓ CREATOR detected via name: 'yaboiplappers' == 'yaboiplappers'
2026-04-07 11:46:23,847 INFO Debug log file initialized at C:\Users\samth\OneDrive\Desktop\School Stuff\IncubatorV2\The Digitan Files\bot_debug.log
2026-04-07 11:58:26,403 INFO Debug log file initialized at C:\Users\samth\OneDrive\Desktop\School Stuff\IncubatorV2\The Digitan Files\bot_debug.log
2026-04-07 11:58:30,343 INFO on_ready fired for Agnes Digitan#4286 (id=1490021973072412734), guild_count=3
2026-04-07 11:58:30,344 INFO Background tasks started
2026-04-07 11:58:30,344 INFO Commands in bot.tree before sync: 10
2026-04-07 11:58:30,760 INFO Globally synced 10 slash commands
2026-04-07 11:58:40,164 INFO ✓ CREATOR detected via name: 'yaboiplappers' == 'yaboiplappers'
2026-04-07 11:58:40,164 INFO ✗ NOT mother 'yaboiplappers': name='yaboiplappers'(False), global='ᕈᒐᗣᕈ'(False), display='Zets'(False), expected='elindy'
2026-04-07 11:58:40,165 INFO ✓ CREATOR detected via name: 'yaboiplappers' == 'yaboiplappers'
2026-04-07 11:58:47,458 INFO ✓ CREATOR detected via name: 'yaboiplappers' == 'yaboiplappers'
2026-04-07 11:58:47,458 INFO ✗ NOT mother 'yaboiplappers': name='yaboiplappers'(False), global='ᕈᒐᗣᕈ'(False), display='Zets'(False), expected='elindy'
2026-04-07 11:58:47,458 INFO ✓ CREATOR detected via name: 'yaboiplappers' == 'yaboiplappers'
2026-04-07 11:58:51,031 INFO ✓ CREATOR detected via name: 'yaboiplappers' == 'yaboiplappers'
2026-04-07 11:58:51,032 INFO ✗ NOT mother 'yaboiplappers': name='yaboiplappers'(False), global='ᕈᒐᗣᕈ'(False), display='Zets'(False), expected='elindy'
2026-04-07 11:58:51,032 INFO ✓ CREATOR detected via name: 'yaboiplappers' == 'yaboiplappers'
2026-04-07 11:58:54,392 INFO ✗ NOT creator 'rain_r.': name='rain_r.'(False), global='Rain 🌧️ er'(False), display='Rainer'(False), expected='yaboiplappers'
2026-04-07 11:58:54,392 INFO ✗ NOT mother 'rain_r.': name='rain_r.'(False), global='Rain 🌧️ er'(False), display='Rainer'(False), expected='elindy'
2026-04-07 11:58:58,838 INFO ✗ NOT creator 'rain_r.': name='rain_r.'(False), global='Rain 🌧️ er'(False), display='Rainer'(False), expected='yaboiplappers'
2026-04-07 11:58:58,838 INFO ✗ NOT mother 'rain_r.': name='rain_r.'(False), global='Rain 🌧️ er'(False), display='Rainer'(False), expected='elindy'
2026-04-07 11:59:02,017 INFO ✓ CREATOR detected via name: 'yaboiplappers' == 'yaboiplappers'
2026-04-07 11:59:02,017 INFO ✗ NOT mother 'yaboiplappers': name='yaboiplappers'(False), global='ᕈᒐᗣᕈ'(False), display='Zets'(False), expected='elindy'
2026-04-07 11:59:02,017 INFO ✓ CREATOR detected via name: 'yaboiplappers' == 'yaboiplappers'
2026-04-07 11:59:02,034 INFO ✗ NOT creator 'weebuszillas': name='weebuszillas'(False), global='Weebus'(False), display='Louis'(False), expected='yaboiplappers'
2026-04-07 11:59:02,034 INFO ✗ NOT mother 'weebuszillas': name='weebuszillas'(False), global='Weebus'(False), display='Louis'(False), expected='elindy'
2026-04-07 11:59:07,434 INFO ✓ CREATOR detected via name: 'yaboiplappers' == 'yaboiplappers'
2026-04-07 11:59:07,434 INFO ✗ NOT mother 'yaboiplappers': name='yaboiplappers'(False), global='ᕈᒐᗣᕈ'(False), display='Zets'(False), expected='elindy'
2026-04-07 11:59:07,434 INFO ✓ CREATOR detected via name: 'yaboiplappers' == 'yaboiplappers'
2026-04-07 11:59:20,175 INFO ✓ CREATOR detected via name: 'yaboiplappers' == 'yaboiplappers'
2026-04-07 11:59:20,175 INFO ✗ NOT mother 'yaboiplappers': name='yaboiplappers'(False), global='ᕈᒐᗣᕈ'(False), display='Zets'(False), expected='elindy'
2026-04-07 11:59:20,175 INFO ✓ CREATOR detected via name: 'yaboiplappers' == 'yaboiplappers'
2026-04-07 11:59:21,927 INFO ✗ NOT creator 'rain_r.': name='rain_r.'(False), global='Rain 🌧️ er'(False), display='Rainer'(False), expected='yaboiplappers'
2026-04-07 11:59:21,929 INFO ✗ NOT mother 'rain_r.': name='rain_r.'(False), global='Rain 🌧️ er'(False), display='Rainer'(False), expected='elindy'
2026-04-07 11:59:52,137 INFO ✓ CREATOR detected via name: 'yaboiplappers' == 'yaboiplappers'
2026-04-07 11:59:52,137 INFO ✗ NOT mother 'yaboiplappers': name='yaboiplappers'(False), global='ᕈᒐᗣᕈ'(False), display='Zets'(False), expected='elindy'
2026-04-07 11:59:52,137 INFO ✓ CREATOR detected via name: 'yaboiplappers' == 'yaboiplappers'
2026-04-07 12:00:06,323 INFO ✓ CREATOR detected via name: 'yaboiplappers' == 'yaboiplappers'
2026-04-07 12:00:06,324 INFO ✗ NOT mother 'yaboiplappers': name='yaboiplappers'(False), global='ᕈᒐᗣᕈ'(False), display='Zets'(False), expected='elindy'
2026-04-07 12:00:06,324 INFO ✓ CREATOR detected via name: 'yaboiplappers' == 'yaboiplappers'
2026-04-07 12:00:11,976 INFO ✓ CREATOR detected via name: 'yaboiplappers' == 'yaboiplappers'
2026-04-07 12:00:11,976 INFO ✗ NOT mother 'yaboiplappers': name='yaboiplappers'(False), global='ᕈᒐᗣᕈ'(False), display='Zets'(False), expected='elindy'
2026-04-07 12:00:11,976 INFO ✓ CREATOR detected via name: 'yaboiplappers' == 'yaboiplappers'
2026-04-07 12:00:17,853 INFO ✗ NOT creator 'rain_r.': name='rain_r.'(False), global='Rain 🌧️ er'(False), display='Rainer'(False), expected='yaboiplappers'
2026-04-07 12:00:17,853 INFO ✗ NOT mother 'rain_r.': name='rain_r.'(False), global='Rain 🌧️ er'(False), display='Rainer'(False), expected='elindy'
2026-04-07 12:00:23,885 INFO ✗ NOT creator 'rain_r.': name='rain_r.'(False), global='Rain 🌧️ er'(False), display='Rainer'(False), expected='yaboiplappers'
2026-04-07 12:00:23,886 INFO ✗ NOT mother 'rain_r.': name='rain_r.'(False), global='Rain 🌧️ er'(False), display='Rainer'(False), expected='elindy'
2026-04-07 12:00:31,036 INFO ✗ NOT creator 'rain_r.': name='rain_r.'(False), global='Rain 🌧️ er'(False), display='Rainer'(False), expected='yaboiplappers'
2026-04-07 12:00:31,036 INFO ✗ NOT mother 'rain_r.': name='rain_r.'(False), global='Rain 🌧️ er'(False), display='Rainer'(False), expected='elindy'
2026-04-07 12:00:46,346 INFO ✓ CREATOR detected via name: 'yaboiplappers' == 'yaboiplappers'
2026-04-07 12:00:46,346 INFO ✗ NOT mother 'yaboiplappers': name='yaboiplappers'(False), global='ᕈᒐᗣᕈ'(False), display='Zets'(False), expected='elindy'
2026-04-07 12:00:46,346 INFO ✓ CREATOR detected via name: 'yaboiplappers' == 'yaboiplappers'
2026-04-07 12:01:02,624 INFO ✓ CREATOR detected via name: 'yaboiplappers' == 'yaboiplappers'
2026-04-07 12:01:02,624 INFO ✗ NOT mother 'yaboiplappers': name='yaboiplappers'(False), global='ᕈᒐᗣᕈ'(False), display='Zets'(False), expected='elindy'
2026-04-07 12:01:02,624 INFO ✓ CREATOR detected via name: 'yaboiplappers' == 'yaboiplappers'
2026-04-07 12:01:05,466 INFO ✗ NOT creator 'vbunn_': name='vbunn_'(False), global=None(None), display="rian a. richard's lovergirl"(False), expected='yaboiplappers'
2026-04-07 12:01:05,468 INFO ✗ NOT mother 'vbunn_': name='vbunn_'(False), global=None(None), display="rian a. richard's lovergirl"(False), expected='elindy'
2026-04-07 12:01:09,253 INFO ✗ NOT creator 'vbunn_': name='vbunn_'(False), global=None(None), display="rian a. richard's lovergirl"(False), expected='yaboiplappers'
2026-04-07 12:01:09,253 INFO ✗ NOT mother 'vbunn_': name='vbunn_'(False), global=None(None), display="rian a. richard's lovergirl"(False), expected='elindy'
2026-04-07 12:03:04,038 INFO ✗ NOT creator 'nanasoda': name='nanasoda'(False), global='nana'(False), display='○ˋ  w  ˊ○'(False), expected='yaboiplappers'
2026-04-07 12:03:04,038 INFO ✗ NOT mother 'nanasoda': name='nanasoda'(False), global='nana'(False), display='○ˋ  w  ˊ○'(False), expected='elindy'
2026-04-07 12:04:38,000 INFO ✗ NOT creator 'museofthem': name='museofthem'(False), global='muse'(False), display='baleth'(False), expected='yaboiplappers'
2026-04-07 12:04:38,001 INFO ✗ NOT mother 'museofthem': name='museofthem'(False), global='muse'(False), display='baleth'(False), expected='elindy'
2026-04-07 12:05:09,232 INFO ✗ NOT creator 'vbunn_': name='vbunn_'(False), global=None(None), display="rian a. richard's lovergirl"(False), expected='yaboiplappers'
2026-04-07 12:05:09,232 INFO ✗ NOT mother 'vbunn_': name='vbunn_'(False), global=None(None), display="rian a. richard's lovergirl"(False), expected='elindy'
2026-04-07 12:05:15,531 INFO ✗ NOT creator 'vbunn_': name='vbunn_'(False), global=None(None), display="rian a. richard's lovergirl"(False), expected='yaboiplappers'
2026-04-07 12:05:15,531 INFO ✗ NOT mother 'vbunn_': name='vbunn_'(False), global=None(None), display="rian a. richard's lovergirl"(False), expected='elindy'
2026-04-07 12:05:21,443 INFO ✗ NOT creator 'vbunn_': name='vbunn_'(False), global=None(None), display="rian a. richard's lovergirl"(False), expected='yaboiplappers'
2026-04-07 12:05:21,443 INFO ✗ NOT mother 'vbunn_': name='vbunn_'(False), global=None(None), display="rian a. richard's lovergirl"(False), expected='elindy'
2026-04-07 12:05:44,089 INFO ✗ NOT creator 'vbunn_': name='vbunn_'(False), global=None(None), display="rian a. richard's lovergirl"(False), expected='yaboiplappers'
2026-04-07 12:05:44,089 INFO ✗ NOT mother 'vbunn_': name='vbunn_'(False), global=None(None), display="rian a. richard's lovergirl"(False), expected='elindy'
2026-04-07 12:05:58,495 INFO ✗ NOT creator 'vbunn_': name='vbunn_'(False), global=None(None), display="rian a. richard's lovergirl"(False), expected='yaboiplappers'
2026-04-07 12:05:58,495 INFO ✗ NOT mother 'vbunn_': name='vbunn_'(False), global=None(None), display="rian a. richard's lovergirl"(False), expected='elindy'
2026-04-07 12:06:09,605 INFO ✗ NOT creator 'vbunn_': name='vbunn_'(False), global=None(None), display="rian a. richard's lovergirl"(False), expected='yaboiplappers'
2026-04-07 12:06:09,605 INFO ✗ NOT mother 'vbunn_': name='vbunn_'(False), global=None(None), display="rian a. richard's lovergirl"(False), expected='elindy'
2026-04-07 12:06:26,891 INFO ✗ NOT creator 'vbunn_': name='vbunn_'(False), global=None(None), display="rian a. richard's lovergirl"(False), expected='yaboiplappers'
2026-04-07 12:06:26,891 INFO ✗ NOT mother 'vbunn_': name='vbunn_'(False), global=None(None), display="rian a. richard's lovergirl"(False), expected='elindy'
2026-04-07 12:06:39,157 INFO ✗ NOT creator 'vbunn_': name='vbunn_'(False), global=None(None), display="rian a. richard's lovergirl"(False), expected='yaboiplappers'
2026-04-07 12:06:39,157 INFO ✗ NOT mother 'vbunn_': name='vbunn_'(False), global=None(None), display="rian a. richard's lovergirl"(False), expected='elindy'
2026-04-07 12:10:02,785 INFO ✗ NOT creator 'museofthem': name='museofthem'(False), global='muse'(False), display='baleth'(False), expected='yaboiplappers'
2026-04-07 12:10:02,786 INFO ✗ NOT mother 'museofthem': name='museofthem'(False), global='muse'(False), display='baleth'(False), expected='elindy'
2026-04-07 12:10:56,305 INFO ✗ NOT creator 'vbunn_': name='vbunn_'(False), global=None(None), display="rian a. richard's lovergirl"(False), expected='yaboiplappers'
2026-04-07 12:10:56,305 INFO ✗ NOT mother 'vbunn_': name='vbunn_'(False), global=None(None), display="rian a. richard's lovergirl"(False), expected='elindy'
2026-04-07 12:11:02,854 INFO ✗ NOT creator 'vbunn_': name='vbunn_'(False), global=None(None), display="rian a. richard's lovergirl"(False), expected='yaboiplappers'
2026-04-07 12:11:02,854 INFO ✗ NOT mother 'vbunn_': name='vbunn_'(False), global=None(None), display="rian a. richard's lovergirl"(False), expected='elindy'
2026-04-07 12:11:12,742 INFO ✗ NOT creator 'vbunn_': name='vbunn_'(False), global=None(None), display="rian a. richard's lovergirl"(False), expected='yaboiplappers'
2026-04-07 12:11:12,743 INFO ✗ NOT mother 'vbunn_': name='vbunn_'(False), global=None(None), display="rian a. richard's lovergirl"(False), expected='elindy'
2026-04-07 12:11:16,785 INFO ✗ NOT creator 'vbunn_': name='vbunn_'(False), global=None(None), display="rian a. richard's lovergirl"(False), expected='yaboiplappers'
2026-04-07 12:11:16,785 INFO ✗ NOT mother 'vbunn_': name='vbunn_'(False), global=None(None), display="rian a. richard's lovergirl"(False), expected='elindy'
2026-04-07 12:11:26,784 INFO ✗ NOT creator 'vbunn_': name='vbunn_'(False), global=None(None), display="rian a. richard's lovergirl"(False), expected='yaboiplappers'
2026-04-07 12:11:26,784 INFO ✗ NOT mother 'vbunn_': name='vbunn_'(False), global=None(None), display="rian a. richard's lovergirl"(False), expected='elindy'
2026-04-07 12:13:07,172 INFO ✗ NOT creator 'potytasghost': name='potytasghost'(False), global='Potyta'(False), display='Potytarattatatatatata'(False), expected='yaboiplappers'
2026-04-07 12:13:07,172 INFO ✗ NOT mother 'potytasghost': name='potytasghost'(False), global='Potyta'(False), display='Potytarattatatatatata'(False), expected='elindy'
2026-04-07 12:13:37,453 INFO ✗ NOT creator 'museofthem': name='museofthem'(False), global='muse'(False), display='baleth'(False), expected='yaboiplappers'
2026-04-07 12:13:37,453 INFO ✗ NOT mother 'museofthem': name='museofthem'(False), global='muse'(False), display='baleth'(False), expected='elindy'
2026-04-07 12:14:20,720 INFO Debug log file initialized at C:\Users\samth\OneDrive\Desktop\School Stuff\IncubatorV2\The Digitan Files\bot_debug.log
2026-04-07 12:14:24,507 INFO on_ready fired for Agnes Digitan#4286 (id=1490021973072412734), guild_count=3
2026-04-07 12:14:24,507 INFO Background tasks started
2026-04-07 12:14:24,507 INFO Commands in bot.tree before sync: 10
2026-04-07 12:14:24,920 INFO Globally synced 10 slash commands
2026-04-07 12:15:26,678 INFO ✓ CREATOR detected via name: 'yaboiplappers' == 'yaboiplappers'
2026-04-07 12:15:26,678 INFO ✗ NOT mother 'yaboiplappers': name='yaboiplappers'(False), global='ᕈᒐᗣᕈ'(False), display='Zets'(False), expected='elindy'
2026-04-07 12:15:26,678 INFO ✓ CREATOR detected via name: 'yaboiplappers' == 'yaboiplappers'
2026-04-07 12:15:29,743 INFO ✗ NOT creator 'museofthem': name='museofthem'(False), global='muse'(False), display='baleth'(False), expected='yaboiplappers'
2026-04-07 12:15:29,743 INFO ✗ NOT mother 'museofthem': name='museofthem'(False), global='muse'(False), display='baleth'(False), expected='elindy'
2026-04-07 12:15:49,956 INFO ✓ CREATOR detected via name: 'yaboiplappers' == 'yaboiplappers'
2026-04-07 12:15:49,957 INFO ✗ NOT mother 'yaboiplappers': name='yaboiplappers'(False), global='ᕈᒐᗣᕈ'(False), display='Zets'(False), expected='elindy'
2026-04-07 12:16:24,605 INFO ✓ CREATOR detected via name: 'yaboiplappers' == 'yaboiplappers'
2026-04-07 12:16:24,605 INFO ✗ NOT mother 'yaboiplappers': name='yaboiplappers'(False), global='ᕈᒐᗣᕈ'(False), display='Samuel'(False), expected='elindy'
2026-04-07 12:16:24,605 INFO ✓ CREATOR detected via name: 'yaboiplappers' == 'yaboiplappers'
2026-04-07 12:16:52,154 INFO ✓ CREATOR detected via name: 'yaboiplappers' == 'yaboiplappers'
2026-04-07 12:16:52,154 INFO ✗ NOT mother 'yaboiplappers': name='yaboiplappers'(False), global='ᕈᒐᗣᕈ'(False), display='Samuel'(False), expected='elindy'
2026-04-07 12:16:52,154 INFO ✓ CREATOR detected via name: 'yaboiplappers' == 'yaboiplappers'
2026-04-07 12:19:24,608 INFO Debug log file initialized at C:\Users\samth\OneDrive\Desktop\School Stuff\IncubatorV2\The Digitan Files\bot_debug.log
2026-04-07 12:19:28,535 INFO on_ready fired for Agnes Digitan#4286 (id=1490021973072412734), guild_count=3
2026-04-07 12:19:28,536 INFO Background tasks started
2026-04-07 12:19:28,536 INFO Commands in bot.tree before sync: 10
2026-04-07 12:19:29,022 INFO Globally synced 10 slash commands
2026-04-07 12:19:35,552 INFO ✓ CREATOR detected via name: 'yaboiplappers' == 'yaboiplappers'
2026-04-07 12:19:35,552 INFO ✓ CREATOR detected via name: 'yaboiplappers' == 'yaboiplappers'
2026-04-07 12:19:35,552 INFO ✓ CREATOR detected via name: 'yaboiplappers' == 'yaboiplappers'
2026-04-07 12:19:41,699 INFO ✓ CREATOR detected via name: 'yaboiplappers' == 'yaboiplappers'
2026-04-07 12:19:41,700 INFO ✓ CREATOR detected via name: 'yaboiplappers' == 'yaboiplappers'
2026-04-07 12:19:41,700 INFO ✓ CREATOR detected via name: 'yaboiplappers' == 'yaboiplappers'
2026-04-07 12:19:54,017 INFO ✓ CREATOR detected via name: 'yaboiplappers' == 'yaboiplappers'
2026-04-07 12:19:54,017 INFO ✓ CREATOR detected via name: 'yaboiplappers' == 'yaboiplappers'
2026-04-07 12:19:54,017 INFO ✓ CREATOR detected via name: 'yaboiplappers' == 'yaboiplappers'
2026-04-07 12:22:01,050 INFO ✓ CREATOR detected via name: 'yaboiplappers' == 'yaboiplappers'
2026-04-07 12:22:01,051 INFO ✓ CREATOR detected via name: 'yaboiplappers' == 'yaboiplappers'
2026-04-07 12:22:01,051 INFO ✓ CREATOR detected via name: 'yaboiplappers' == 'yaboiplappers'
2026-04-07 12:22:01,051 INFO yuri name-call branch fired: cr=True mr=False content='Digitan?'
2026-04-07 12:22:08,156 INFO ✓ CREATOR detected via name: 'yaboiplappers' == 'yaboiplappers'
2026-04-07 12:22:08,157 INFO ✓ CREATOR detected via name: 'yaboiplappers' == 'yaboiplappers'
2026-04-07 12:22:08,157 INFO ✓ CREATOR detected via name: 'yaboiplappers' == 'yaboiplappers'
2026-04-07 12:22:10,203 INFO ✓ CREATOR detected via name: 'yaboiplappers' == 'yaboiplappers'
2026-04-07 12:22:10,203 INFO ✓ CREATOR detected via name: 'yaboiplappers' == 'yaboiplappers'
2026-04-07 12:22:10,203 INFO ✓ CREATOR detected via name: 'yaboiplappers' == 'yaboiplappers'
2026-04-07 12:24:35,457 INFO Debug log file initialized at C:\Users\samth\OneDrive\Desktop\School Stuff\IncubatorV2\The Digitan Files\bot_debug.log
2026-04-07 12:24:39,256 INFO on_ready fired for Agnes Digitan#4286 (id=1490021973072412734), guild_count=3
2026-04-07 12:24:39,256 INFO Background tasks started
2026-04-07 12:24:39,256 INFO Commands in bot.tree before sync: 10
2026-04-07 12:24:39,711 INFO Globally synced 10 slash commands
2026-04-07 12:24:45,666 INFO ✓ CREATOR detected via name: 'yaboiplappers' == 'yaboiplappers'
2026-04-07 12:24:45,666 INFO ✓ CREATOR detected via name: 'yaboiplappers' == 'yaboiplappers'
2026-04-07 12:24:45,666 INFO ✓ CREATOR detected via name: 'yaboiplappers' == 'yaboiplappers'
2026-04-07 12:24:53,459 INFO ✓ CREATOR detected via name: 'yaboiplappers' == 'yaboiplappers'
2026-04-07 12:24:53,459 INFO ✓ CREATOR detected via name: 'yaboiplappers' == 'yaboiplappers'
2026-04-07 12:24:53,460 INFO ✓ CREATOR detected via name: 'yaboiplappers' == 'yaboiplappers'
2026-04-07 12:25:11,172 INFO ✓ CREATOR detected via name: 'yaboiplappers' == 'yaboiplappers'
2026-04-07 12:25:11,172 INFO ✓ CREATOR detected via name: 'yaboiplappers' == 'yaboiplappers'
2026-04-07 12:25:11,172 INFO ✓ CREATOR detected via name: 'yaboiplappers' == 'yaboiplappers'
2026-04-07 12:34:59,653 INFO ✗ NOT creator 'rain_r.': name='rain_r.'(False), global='Rain 🌧️ er'(False), display='Rainer'(False), expected='yaboiplappers'
2026-04-07 12:34:59,654 INFO ✗ NOT creator 'rain_r.': name='rain_r.'(False), global='Rain 🌧️ er'(False), display='Rainer'(False), expected='yaboiplappers'
2026-04-07 12:34:59,654 INFO ✗ NOT mother 'rain_r.': name='rain_r.'(False), global='Rain 🌧️ er'(False), expected='elindy'
2026-04-07 12:35:03,533 INFO ✗ NOT creator 'rain_r.': name='rain_r.'(False), global='Rain 🌧️ er'(False), display='Rainer'(False), expected='yaboiplappers'
2026-04-07 12:35:03,533 INFO ✗ NOT creator 'rain_r.': name='rain_r.'(False), global='Rain 🌧️ er'(False), display='Rainer'(False), expected='yaboiplappers'
2026-04-07 12:35:03,533 INFO ✗ NOT mother 'rain_r.': name='rain_r.'(False), global='Rain 🌧️ er'(False), expected='elindy'
2026-04-07 12:35:40,600 INFO ✗ NOT creator 'siniganggaming': name='siniganggaming'(False), global='moon'(False), display='moon'(False), expected='yaboiplappers'
2026-04-07 12:35:40,600 INFO ✗ NOT creator 'siniganggaming': name='siniganggaming'(False), global='moon'(False), display='moon'(False), expected='yaboiplappers'
2026-04-07 12:35:40,600 INFO ✗ NOT mother 'siniganggaming': name='siniganggaming'(False), global='moon'(False), expected='elindy'
2026-04-07 12:35:43,122 INFO ✗ NOT creator 'siniganggaming': name='siniganggaming'(False), global='moon'(False), display='moon'(False), expected='yaboiplappers'
2026-04-07 12:35:43,123 INFO ✗ NOT creator 'siniganggaming': name='siniganggaming'(False), global='moon'(False), display='moon'(False), expected='yaboiplappers'
2026-04-07 12:35:43,123 INFO ✗ NOT mother 'siniganggaming': name='siniganggaming'(False), global='moon'(False), expected='elindy'
2026-04-07 12:36:34,291 INFO ✗ NOT creator 'disc.nix': name='disc.nix'(False), global='ɢᴇɴɪx'(False), display='ɢᴇɴɪx'(False), expected='yaboiplappers'
2026-04-07 12:36:34,292 INFO ✗ NOT creator 'disc.nix': name='disc.nix'(False), global='ɢᴇɴɪx'(False), display='ɢᴇɴɪx'(False), expected='yaboiplappers'
2026-04-07 12:36:34,292 INFO ✗ NOT mother 'disc.nix': name='disc.nix'(False), global='ɢᴇɴɪx'(False), expected='elindy'
2026-04-07 12:36:35,659 INFO ✗ NOT creator 'disc.nix': name='disc.nix'(False), global='ɢᴇɴɪx'(False), display='ɢᴇɴɪx'(False), expected='yaboiplappers'
2026-04-07 12:36:35,659 INFO ✗ NOT creator 'disc.nix': name='disc.nix'(False), global='ɢᴇɴɪx'(False), display='ɢᴇɴɪx'(False), expected='yaboiplappers'
2026-04-07 12:36:35,659 INFO ✗ NOT mother 'disc.nix': name='disc.nix'(False), global='ɢᴇɴɪx'(False), expected='elindy'
2026-04-07 12:36:36,421 INFO ✗ NOT creator 'disc.nix': name='disc.nix'(False), global='ɢᴇɴɪx'(False), display='ɢᴇɴɪx'(False), expected='yaboiplappers'
2026-04-07 12:36:36,421 INFO ✗ NOT creator 'disc.nix': name='disc.nix'(False), global='ɢᴇɴɪx'(False), display='ɢᴇɴɪx'(False), expected='yaboiplappers'
2026-04-07 12:36:36,421 INFO ✗ NOT mother 'disc.nix': name='disc.nix'(False), global='ɢᴇɴɪx'(False), expected='elindy'
2026-04-07 12:36:37,122 INFO ✗ NOT creator 'disc.nix': name='disc.nix'(False), global='ɢᴇɴɪx'(False), display='ɢᴇɴɪx'(False), expected='yaboiplappers'
2026-04-07 12:36:37,122 INFO ✗ NOT creator 'disc.nix': name='disc.nix'(False), global='ɢᴇɴɪx'(False), display='ɢᴇɴɪx'(False), expected='yaboiplappers'
2026-04-07 12:36:37,122 INFO ✗ NOT mother 'disc.nix': name='disc.nix'(False), global='ɢᴇɴɪx'(False), expected='elindy'
2026-04-07 12:36:37,743 INFO ✗ NOT creator 'disc.nix': name='disc.nix'(False), global='ɢᴇɴɪx'(False), display='ɢᴇɴɪx'(False), expected='yaboiplappers'
2026-04-07 12:36:37,743 INFO ✗ NOT creator 'disc.nix': name='disc.nix'(False), global='ɢᴇɴɪx'(False), display='ɢᴇɴɪx'(False), expected='yaboiplappers'
2026-04-07 12:36:37,743 INFO ✗ NOT mother 'disc.nix': name='disc.nix'(False), global='ɢᴇɴɪx'(False), expected='elindy'
2026-04-07 12:36:38,544 INFO ✗ NOT creator 'disc.nix': name='disc.nix'(False), global='ɢᴇɴɪx'(False), display='ɢᴇɴɪx'(False), expected='yaboiplappers'
2026-04-07 12:36:38,544 INFO ✗ NOT creator 'disc.nix': name='disc.nix'(False), global='ɢᴇɴɪx'(False), display='ɢᴇɴɪx'(False), expected='yaboiplappers'
2026-04-07 12:36:38,544 INFO ✗ NOT mother 'disc.nix': name='disc.nix'(False), global='ɢᴇɴɪx'(False), expected='elindy'
2026-04-07 12:36:39,324 INFO ✗ NOT creator 'disc.nix': name='disc.nix'(False), global='ɢᴇɴɪx'(False), display='ɢᴇɴɪx'(False), expected='yaboiplappers'
2026-04-07 12:36:39,324 INFO ✗ NOT creator 'disc.nix': name='disc.nix'(False), global='ɢᴇɴɪx'(False), display='ɢᴇɴɪx'(False), expected='yaboiplappers'
2026-04-07 12:36:39,324 INFO ✗ NOT mother 'disc.nix': name='disc.nix'(False), global='ɢᴇɴɪx'(False), expected='elindy'
2026-04-07 12:36:39,892 INFO ✗ NOT creator 'disc.nix': name='disc.nix'(False), global='ɢᴇɴɪx'(False), display='ɢᴇɴɪx'(False), expected='yaboiplappers'
2026-04-07 12:36:39,892 INFO ✗ NOT creator 'disc.nix': name='disc.nix'(False), global='ɢᴇɴɪx'(False), display='ɢᴇɴɪx'(False), expected='yaboiplappers'
2026-04-07 12:36:39,892 INFO ✗ NOT mother 'disc.nix': name='disc.nix'(False), global='ɢᴇɴɪx'(False), expected='elindy'
2026-04-07 12:36:40,609 INFO ✗ NOT creator 'disc.nix': name='disc.nix'(False), global='ɢᴇɴɪx'(False), display='ɢᴇɴɪx'(False), expected='yaboiplappers'
2026-04-07 12:36:40,609 INFO ✗ NOT creator 'disc.nix': name='disc.nix'(False), global='ɢᴇɴɪx'(False), display='ɢᴇɴɪx'(False), expected='yaboiplappers'
2026-04-07 12:36:40,609 INFO ✗ NOT mother 'disc.nix': name='disc.nix'(False), global='ɢᴇɴɪx'(False), expected='elindy'
2026-04-07 12:36:41,428 INFO ✗ NOT creator 'disc.nix': name='disc.nix'(False), global='ɢᴇɴɪx'(False), display='ɢᴇɴɪx'(False), expected='yaboiplappers'
2026-04-07 12:36:41,428 INFO ✗ NOT creator 'disc.nix': name='disc.nix'(False), global='ɢᴇɴɪx'(False), display='ɢᴇɴɪx'(False), expected='yaboiplappers'
2026-04-07 12:36:41,428 INFO ✗ NOT mother 'disc.nix': name='disc.nix'(False), global='ɢᴇɴɪx'(False), expected='elindy'
2026-04-07 12:36:42,276 INFO ✗ NOT creator 'disc.nix': name='disc.nix'(False), global='ɢᴇɴɪx'(False), display='ɢᴇɴɪx'(False), expected='yaboiplappers'
2026-04-07 12:36:42,278 INFO ✗ NOT creator 'disc.nix': name='disc.nix'(False), global='ɢᴇɴɪx'(False), display='ɢᴇɴɪx'(False), expected='yaboiplappers'
2026-04-07 12:36:42,278 INFO ✗ NOT mother 'disc.nix': name='disc.nix'(False), global='ɢᴇɴɪx'(False), expected='elindy'
2026-04-07 12:38:54,172 INFO ✓ CREATOR detected via name: 'yaboiplappers' == 'yaboiplappers'
2026-04-07 12:38:54,173 INFO ✓ CREATOR detected via name: 'yaboiplappers' == 'yaboiplappers'
2026-04-07 12:38:54,173 INFO ✓ CREATOR detected via name: 'yaboiplappers' == 'yaboiplappers'
2026-04-07 12:39:12,736 INFO ✗ NOT creator 'disc.nix': name='disc.nix'(False), global='ɢᴇɴɪx'(False), display='ɢᴇɴɪx'(False), expected='yaboiplappers'
2026-04-07 12:39:12,736 INFO ✗ NOT creator 'disc.nix': name='disc.nix'(False), global='ɢᴇɴɪx'(False), display='ɢᴇɴɪx'(False), expected='yaboiplappers'
2026-04-07 12:39:12,736 INFO ✗ NOT mother 'disc.nix': name='disc.nix'(False), global='ɢᴇɴɪx'(False), expected='elindy'
2026-04-07 12:40:25,158 INFO ✗ NOT creator 'ackquwa': name='ackquwa'(False), global='Ackquwa'(False), display='Ali'(False), expected='yaboiplappers'
2026-04-07 12:40:25,158 INFO ✗ NOT creator 'ackquwa': name='ackquwa'(False), global='Ackquwa'(False), display='Ali'(False), expected='yaboiplappers'
2026-04-07 12:40:25,158 INFO ✗ NOT mother 'ackquwa': name='ackquwa'(False), global='Ackquwa'(False), expected='elindy'
2026-04-07 12:41:34,595 INFO ✗ NOT creator 'weebuszillas': name='weebuszillas'(False), global='Weebus'(False), display='Louis'(False), expected='yaboiplappers'
2026-04-07 12:41:34,595 INFO ✗ NOT creator 'weebuszillas': name='weebuszillas'(False), global='Weebus'(False), display='Louis'(False), expected='yaboiplappers'
2026-04-07 12:41:34,595 INFO ✗ NOT mother 'weebuszillas': name='weebuszillas'(False), global='Weebus'(False), expected='elindy'
2026-04-07 12:41:40,217 INFO ✗ NOT creator 'siniganggaming': name='siniganggaming'(False), global='moon'(False), display='moon'(False), expected='yaboiplappers'
2026-04-07 12:41:40,217 INFO ✗ NOT creator 'siniganggaming': name='siniganggaming'(False), global='moon'(False), display='moon'(False), expected='yaboiplappers'
2026-04-07 12:41:40,217 INFO ✗ NOT mother 'siniganggaming': name='siniganggaming'(False), global='moon'(False), expected='elindy'
2026-04-07 12:41:46,885 INFO ✗ NOT creator 'siniganggaming': name='siniganggaming'(False), global='moon'(False), display='moon'(False), expected='yaboiplappers'
2026-04-07 12:41:46,885 INFO ✗ NOT creator 'siniganggaming': name='siniganggaming'(False), global='moon'(False), display='moon'(False), expected='yaboiplappers'
2026-04-07 12:41:46,886 INFO ✗ NOT mother 'siniganggaming': name='siniganggaming'(False), global='moon'(False), expected='elindy'
2026-04-07 12:42:59,940 INFO ✗ NOT creator 'weebuszillas': name='weebuszillas'(False), global='Weebus'(False), display='Louis'(False), expected='yaboiplappers'
2026-04-07 12:42:59,941 INFO ✗ NOT creator 'weebuszillas': name='weebuszillas'(False), global='Weebus'(False), display='Louis'(False), expected='yaboiplappers'
2026-04-07 12:42:59,941 INFO ✗ NOT mother 'weebuszillas': name='weebuszillas'(False), global='Weebus'(False), expected='elindy'
2026-04-07 12:44:01,662 INFO ✗ NOT creator 'siniganggaming': name='siniganggaming'(False), global='moon'(False), display='moon'(False), expected='yaboiplappers'
2026-04-07 12:44:01,662 INFO ✗ NOT creator 'siniganggaming': name='siniganggaming'(False), global='moon'(False), display='moon'(False), expected='yaboiplappers'
2026-04-07 12:44:01,662 INFO ✗ NOT mother 'siniganggaming': name='siniganggaming'(False), global='moon'(False), expected='elindy'
2026-04-07 12:44:03,777 INFO ✗ NOT creator 'siniganggaming': name='siniganggaming'(False), global='moon'(False), display='moon'(False), expected='yaboiplappers'
2026-04-07 12:44:03,777 INFO ✗ NOT creator 'siniganggaming': name='siniganggaming'(False), global='moon'(False), display='moon'(False), expected='yaboiplappers'
2026-04-07 12:44:03,777 INFO ✗ NOT mother 'siniganggaming': name='siniganggaming'(False), global='moon'(False), expected='elindy'
2026-04-07 12:44:51,452 INFO ✗ NOT creator 'rain_r.': name='rain_r.'(False), global='Rain 🌧️ er'(False), display='Rainer'(False), expected='yaboiplappers'
2026-04-07 12:44:51,452 INFO ✗ NOT creator 'rain_r.': name='rain_r.'(False), global='Rain 🌧️ er'(False), display='Rainer'(False), expected='yaboiplappers'
2026-04-07 12:44:51,452 INFO ✗ NOT mother 'rain_r.': name='rain_r.'(False), global='Rain 🌧️ er'(False), expected='elindy'
2026-04-07 12:47:58,194 INFO ✓ CREATOR detected via name: 'yaboiplappers' == 'yaboiplappers'
2026-04-07 12:47:58,194 INFO ✓ CREATOR detected via name: 'yaboiplappers' == 'yaboiplappers'
2026-04-07 12:47:58,194 INFO ✓ CREATOR detected via name: 'yaboiplappers' == 'yaboiplappers'
2026-04-07 12:48:15,164 INFO ✗ NOT creator 'siniganggaming': name='siniganggaming'(False), global='moon'(False), display='moon'(False), expected='yaboiplappers'
2026-04-07 12:48:15,164 INFO ✗ NOT creator 'siniganggaming': name='siniganggaming'(False), global='moon'(False), display='moon'(False), expected='yaboiplappers'
2026-04-07 12:48:15,164 INFO ✗ NOT mother 'siniganggaming': name='siniganggaming'(False), global='moon'(False), expected='elindy'
2026-04-07 12:53:37,123 INFO ✗ NOT creator 'dressperado': name='dressperado'(False), global='dressperado'(False), display='Matthew'(False), expected='yaboiplappers'
2026-04-07 12:53:37,123 INFO ✗ NOT creator 'dressperado': name='dressperado'(False), global='dressperado'(False), display='Matthew'(False), expected='yaboiplappers'
2026-04-07 12:53:37,123 INFO ✗ NOT mother 'dressperado': name='dressperado'(False), global='dressperado'(False), expected='elindy'
2026-04-07 12:54:47,131 INFO ✗ NOT creator 'siniganggaming': name='siniganggaming'(False), global='moon'(False), display='moon'(False), expected='yaboiplappers'
2026-04-07 12:54:47,131 INFO ✗ NOT creator 'siniganggaming': name='siniganggaming'(False), global='moon'(False), display='moon'(False), expected='yaboiplappers'
2026-04-07 12:54:47,131 INFO ✗ NOT mother 'siniganggaming': name='siniganggaming'(False), global='moon'(False), expected='elindy'
2026-04-07 12:55:10,571 INFO ✗ NOT creator 'dressperado': name='dressperado'(False), global='dressperado'(False), display='Matthew'(False), expected='yaboiplappers'
2026-04-07 12:55:10,571 INFO ✗ NOT creator 'dressperado': name='dressperado'(False), global='dressperado'(False), display='Matthew'(False), expected='yaboiplappers'
2026-04-07 12:55:10,571 INFO ✗ NOT mother 'dressperado': name='dressperado'(False), global='dressperado'(False), expected='elindy'
2026-04-07 12:55:24,230 INFO ✓ CREATOR detected via name: 'yaboiplappers' == 'yaboiplappers'
2026-04-07 12:55:24,230 INFO ✓ CREATOR detected via name: 'yaboiplappers' == 'yaboiplappers'
2026-04-07 12:55:24,231 INFO ✓ CREATOR detected via name: 'yaboiplappers' == 'yaboiplappers'
2026-04-07 12:55:28,151 INFO ✓ CREATOR detected via name: 'yaboiplappers' == 'yaboiplappers'
2026-04-07 12:55:28,151 INFO ✓ CREATOR detected via name: 'yaboiplappers' == 'yaboiplappers'
2026-04-07 12:55:28,151 INFO ✓ CREATOR detected via name: 'yaboiplappers' == 'yaboiplappers'
2026-04-07 12:55:34,294 INFO ✗ NOT creator 'dressperado': name='dressperado'(False), global='dressperado'(False), display='Matthew'(False), expected='yaboiplappers'
2026-04-07 12:55:34,294 INFO ✗ NOT creator 'dressperado': name='dressperado'(False), global='dressperado'(False), display='Matthew'(False), expected='yaboiplappers'
2026-04-07 12:55:34,294 INFO ✗ NOT mother 'dressperado': name='dressperado'(False), global='dressperado'(False), expected='elindy'
2026-04-07 12:55:46,158 INFO ✓ CREATOR detected via name: 'yaboiplappers' == 'yaboiplappers'
2026-04-07 12:55:46,158 INFO ✓ CREATOR detected via name: 'yaboiplappers' == 'yaboiplappers'
2026-04-07 12:55:46,158 INFO ✓ CREATOR detected via name: 'yaboiplappers' == 'yaboiplappers'
2026-04-07 12:55:51,888 INFO ✗ NOT creator 'weebuszillas': name='weebuszillas'(False), global='Weebus'(False), display='Louis'(False), expected='yaboiplappers'
2026-04-07 12:55:51,888 INFO ✗ NOT creator 'weebuszillas': name='weebuszillas'(False), global='Weebus'(False), display='Louis'(False), expected='yaboiplappers'
2026-04-07 12:55:51,888 INFO ✗ NOT mother 'weebuszillas': name='weebuszillas'(False), global='Weebus'(False), expected='elindy'
2026-04-07 12:57:56,035 INFO ✗ NOT creator 'disc.nix': name='disc.nix'(False), global='ɢᴇɴɪx'(False), display='ɢᴇɴɪx'(False), expected='yaboiplappers'
2026-04-07 12:57:56,035 INFO ✗ NOT creator 'disc.nix': name='disc.nix'(False), global='ɢᴇɴɪx'(False), display='ɢᴇɴɪx'(False), expected='yaboiplappers'
2026-04-07 12:57:56,036 INFO ✗ NOT mother 'disc.nix': name='disc.nix'(False), global='ɢᴇɴɪx'(False), expected='elindy'
2026-04-07 13:00:10,217 INFO ✓ CREATOR detected via name: 'yaboiplappers' == 'yaboiplappers'
2026-04-07 13:00:10,217 INFO ✓ CREATOR detected via name: 'yaboiplappers' == 'yaboiplappers'
2026-04-07 13:00:10,217 INFO ✓ CREATOR detected via name: 'yaboiplappers' == 'yaboiplappers'
2026-04-07 13:02:01,034 INFO ✗ NOT creator 'nanasoda': name='nanasoda'(False), global='nana'(False), display='○ˋ  w  ˊ○'(False), expected='yaboiplappers'
2026-04-07 13:02:01,034 INFO ✗ NOT creator 'nanasoda': name='nanasoda'(False), global='nana'(False), display='○ˋ  w  ˊ○'(False), expected='yaboiplappers'
2026-04-07 13:02:01,034 INFO ✗ NOT mother 'nanasoda': name='nanasoda'(False), global='nana'(False), expected='elindy'
2026-04-07 13:03:07,886 INFO ✓ CREATOR detected via name: 'yaboiplappers' == 'yaboiplappers'
2026-04-07 13:03:07,886 INFO ✓ CREATOR detected via name: 'yaboiplappers' == 'yaboiplappers'
2026-04-07 13:03:07,886 INFO ✓ CREATOR detected via name: 'yaboiplappers' == 'yaboiplappers'
2026-04-07 13:06:06,038 INFO ✗ NOT creator 'ch1ch0mp3r': name='ch1ch0mp3r'(False), global='Chichomper'(False), display='Chomp'(False), expected='yaboiplappers'
2026-04-07 13:06:06,038 INFO ✗ NOT creator 'ch1ch0mp3r': name='ch1ch0mp3r'(False), global='Chichomper'(False), display='Chomp'(False), expected='yaboiplappers'
2026-04-07 13:06:06,038 INFO ✗ NOT mother 'ch1ch0mp3r': name='ch1ch0mp3r'(False), global='Chichomper'(False), expected='elindy'
2026-04-07 13:07:03,366 INFO ✗ NOT creator 'disc.nix': name='disc.nix'(False), global='ɢᴇɴɪx'(False), display='ɢᴇɴɪx'(False), expected='yaboiplappers'
2026-04-07 13:07:03,366 INFO ✗ NOT creator 'disc.nix': name='disc.nix'(False), global='ɢᴇɴɪx'(False), display='ɢᴇɴɪx'(False), expected='yaboiplappers'
2026-04-07 13:07:03,366 INFO ✗ NOT mother 'disc.nix': name='disc.nix'(False), global='ɢᴇɴɪx'(False), expected='elindy'
2026-04-07 13:07:07,199 INFO ✗ NOT creator 'disc.nix': name='disc.nix'(False), global='ɢᴇɴɪx'(False), display='ɢᴇɴɪx'(False), expected='yaboiplappers'
2026-04-07 13:07:07,200 INFO ✗ NOT creator 'disc.nix': name='disc.nix'(False), global='ɢᴇɴɪx'(False), display='ɢᴇɴɪx'(False), expected='yaboiplappers'
2026-04-07 13:07:07,200 INFO ✗ NOT mother 'disc.nix': name='disc.nix'(False), global='ɢᴇɴɪx'(False), expected='elindy'
2026-04-07 13:07:08,515 INFO ✗ NOT creator 'siniganggaming': name='siniganggaming'(False), global='moon'(False), display='moon'(False), expected='yaboiplappers'
2026-04-07 13:07:08,515 INFO ✗ NOT creator 'siniganggaming': name='siniganggaming'(False), global='moon'(False), display='moon'(False), expected='yaboiplappers'
2026-04-07 13:07:08,515 INFO ✗ NOT mother 'siniganggaming': name='siniganggaming'(False), global='moon'(False), expected='elindy'
2026-04-07 13:07:26,451 INFO ✗ NOT creator 'ackquwa': name='ackquwa'(False), global='Ackquwa'(False), display='Ali'(False), expected='yaboiplappers'
2026-04-07 13:07:26,451 INFO ✗ NOT creator 'ackquwa': name='ackquwa'(False), global='Ackquwa'(False), display='Ali'(False), expected='yaboiplappers'
2026-04-07 13:07:26,451 INFO ✗ NOT mother 'ackquwa': name='ackquwa'(False), global='Ackquwa'(False), expected='elindy'
2026-04-07 13:07:40,368 INFO ✗ NOT creator 'ackquwa': name='ackquwa'(False), global='Ackquwa'(False), display='Ali'(False), expected='yaboiplappers'
2026-04-07 13:07:40,368 INFO ✗ NOT creator 'ackquwa': name='ackquwa'(False), global='Ackquwa'(False), display='Ali'(False), expected='yaboiplappers'
2026-04-07 13:07:40,368 INFO ✗ NOT mother 'ackquwa': name='ackquwa'(False), global='Ackquwa'(False), expected='elindy'
2026-04-07 13:07:52,085 INFO ✗ NOT creator 'weebuszillas': name='weebuszillas'(False), global='Weebus'(False), display='Louis'(False), expected='yaboiplappers'
2026-04-07 13:07:52,085 INFO ✗ NOT creator 'weebuszillas': name='weebuszillas'(False), global='Weebus'(False), display='Louis'(False), expected='yaboiplappers'
2026-04-07 13:07:52,085 INFO ✗ NOT mother 'weebuszillas': name='weebuszillas'(False), global='Weebus'(False), expected='elindy'
2026-04-07 13:10:06,144 INFO Debug log file initialized at C:\Users\samth\OneDrive\Desktop\School Stuff\IncubatorV2\The Digitan Files\bot_debug.log
2026-04-07 13:10:09,936 INFO on_ready fired for Agnes Digitan#4286 (id=1490021973072412734), guild_count=3
2026-04-07 13:10:09,937 INFO Background tasks started
2026-04-07 13:10:09,937 INFO Commands in bot.tree before sync: 12
2026-04-07 13:10:12,175 INFO Globally synced 12 slash commands
2026-04-07 13:11:33,695 INFO ✗ NOT creator 'rain_r.': name='rain_r.'(False), global='Rain 🌧️ er'(False), display='Rainer'(False), expected='yaboiplappers'
2026-04-07 13:11:33,695 INFO ✗ NOT creator 'rain_r.': name='rain_r.'(False), global='Rain 🌧️ er'(False), display='Rainer'(False), expected='yaboiplappers'
2026-04-07 13:11:33,695 INFO ✗ NOT mother 'rain_r.': name='rain_r.'(False), global='Rain 🌧️ er'(False), expected='elindy'
2026-04-07 13:12:56,978 INFO ✗ NOT creator 'weebuszillas': name='weebuszillas'(False), global='Weebus'(False), display='Louis'(False), expected='yaboiplappers'
2026-04-07 13:12:56,978 INFO ✗ NOT creator 'weebuszillas': name='weebuszillas'(False), global='Weebus'(False), display='Louis'(False), expected='yaboiplappers'
2026-04-07 13:12:56,978 INFO ✗ NOT mother 'weebuszillas': name='weebuszillas'(False), global='Weebus'(False), expected='elindy'
2026-04-07 13:12:58,305 INFO ✗ NOT creator 'weebuszillas': name='weebuszillas'(False), global='Weebus'(False), display='Louis'(False), expected='yaboiplappers'
2026-04-07 13:12:58,305 INFO ✗ NOT creator 'weebuszillas': name='weebuszillas'(False), global='Weebus'(False), display='Louis'(False), expected='yaboiplappers'
2026-04-07 13:12:58,305 INFO ✗ NOT mother 'weebuszillas': name='weebuszillas'(False), global='Weebus'(False), expected='elindy'
2026-04-07 13:13:19,512 INFO ✓ CREATOR detected via name: 'yaboiplappers' == 'yaboiplappers'
2026-04-07 13:13:19,512 INFO ✓ CREATOR detected via name: 'yaboiplappers' == 'yaboiplappers'
2026-04-07 13:13:19,512 INFO ✓ CREATOR detected via name: 'yaboiplappers' == 'yaboiplappers'
2026-04-07 13:21:08,241 INFO ✓ CREATOR detected via name: 'yaboiplappers' == 'yaboiplappers'
2026-04-07 13:21:08,242 INFO ✓ CREATOR detected via name: 'yaboiplappers' == 'yaboiplappers'
2026-04-07 13:21:08,242 INFO ✓ CREATOR detected via name: 'yaboiplappers' == 'yaboiplappers'
2026-04-07 13:21:15,018 INFO ✓ CREATOR detected via name: 'yaboiplappers' == 'yaboiplappers'
2026-04-07 13:21:15,018 INFO ✓ CREATOR detected via name: 'yaboiplappers' == 'yaboiplappers'
2026-04-07 13:21:15,018 INFO ✓ CREATOR detected via name: 'yaboiplappers' == 'yaboiplappers'
2026-04-07 13:21:19,442 INFO ✓ CREATOR detected via name: 'yaboiplappers' == 'yaboiplappers'
2026-04-07 13:21:19,442 INFO ✓ CREATOR detected via name: 'yaboiplappers' == 'yaboiplappers'
2026-04-07 13:21:19,442 INFO ✓ CREATOR detected via name: 'yaboiplappers' == 'yaboiplappers'
2026-04-07 13:21:31,209 INFO ✓ CREATOR detected via name: 'yaboiplappers' == 'yaboiplappers'
2026-04-07 13:21:31,209 INFO ✓ CREATOR detected via name: 'yaboiplappers' == 'yaboiplappers'
2026-04-07 13:21:31,210 INFO ✓ CREATOR detected via name: 'yaboiplappers' == 'yaboiplappers'
2026-04-07 13:21:37,898 INFO ✗ NOT creator 'rain_r.': name='rain_r.'(False), global='Rain 🌧️ er'(False), display='Rainer'(False), expected='yaboiplappers'
2026-04-07 13:21:37,898 INFO ✗ NOT creator 'rain_r.': name='rain_r.'(False), global='Rain 🌧️ er'(False), display='Rainer'(False), expected='yaboiplappers'
2026-04-07 13:21:37,898 INFO ✗ NOT mother 'rain_r.': name='rain_r.'(False), global='Rain 🌧️ er'(False), expected='elindy'
2026-04-07 13:25:27,088 INFO Debug log file initialized at C:\Users\samth\OneDrive\Desktop\School Stuff\IncubatorV2\The Digitan Files\bot_debug.log
2026-04-07 13:25:31,206 INFO on_ready fired for Agnes Digitan#4286 (id=1490021973072412734), guild_count=3
2026-04-07 13:25:31,207 INFO Background tasks started
2026-04-07 13:25:31,207 INFO Commands in bot.tree before sync: 12
2026-04-07 13:25:31,574 INFO Globally synced 12 slash commands
2026-04-07 13:25:55,177 INFO ✓ CREATOR detected via name: 'yaboiplappers' == 'yaboiplappers'
2026-04-07 13:25:55,177 INFO ✓ CREATOR detected via name: 'yaboiplappers' == 'yaboiplappers'
2026-04-07 13:25:55,177 INFO ✓ CREATOR detected via name: 'yaboiplappers' == 'yaboiplappers'
2026-04-07 13:26:01,522 INFO ✓ CREATOR detected via name: 'yaboiplappers' == 'yaboiplappers'
2026-04-07 13:26:01,522 INFO ✓ CREATOR detected via name: 'yaboiplappers' == 'yaboiplappers'
2026-04-07 13:26:01,522 INFO ✓ CREATOR detected via name: 'yaboiplappers' == 'yaboiplappers'
2026-04-07 13:32:46,829 INFO ✗ NOT creator 'rain_r.': name='rain_r.'(False), global='Rain 🌧️ er'(False), display='Rainer'(False), expected='yaboiplappers'
2026-04-07 13:32:46,829 INFO ✗ NOT creator 'rain_r.': name='rain_r.'(False), global='Rain 🌧️ er'(False), display='Rainer'(False), expected='yaboiplappers'
2026-04-07 13:32:46,829 INFO ✗ NOT mother 'rain_r.': name='rain_r.'(False), global='Rain 🌧️ er'(False), expected='elindy'
2026-04-07 13:33:17,877 INFO ✗ NOT creator 'rain_r.': name='rain_r.'(False), global='Rain 🌧️ er'(False), display='Rainer'(False), expected='yaboiplappers'
2026-04-07 13:33:17,877 INFO ✗ NOT creator 'rain_r.': name='rain_r.'(False), global='Rain 🌧️ er'(False), display='Rainer'(False), expected='yaboiplappers'
2026-04-07 13:33:17,877 INFO ✗ NOT mother 'rain_r.': name='rain_r.'(False), global='Rain 🌧️ er'(False), expected='elindy'
2026-04-07 13:33:29,359 INFO ✗ NOT creator 'rain_r.': name='rain_r.'(False), global='Rain 🌧️ er'(False), display='Rainer'(False), expected='yaboiplappers'
2026-04-07 13:33:29,359 INFO ✗ NOT creator 'rain_r.': name='rain_r.'(False), global='Rain 🌧️ er'(False), display='Rainer'(False), expected='yaboiplappers'
2026-04-07 13:33:29,359 INFO ✗ NOT mother 'rain_r.': name='rain_r.'(False), global='Rain 🌧️ er'(False), expected='elindy'
2026-04-07 13:36:01,072 INFO ✗ NOT creator 'disc.nix': name='disc.nix'(False), global='ɢᴇɴɪx'(False), display='ɢᴇɴɪx'(False), expected='yaboiplappers'
2026-04-07 13:36:01,072 INFO ✗ NOT creator 'disc.nix': name='disc.nix'(False), global='ɢᴇɴɪx'(False), display='ɢᴇɴɪx'(False), expected='yaboiplappers'
2026-04-07 13:36:01,072 INFO ✗ NOT mother 'disc.nix': name='disc.nix'(False), global='ɢᴇɴɪx'(False), expected='elindy'
2026-04-07 13:36:02,465 INFO ✗ NOT creator 'disc.nix': name='disc.nix'(False), global='ɢᴇɴɪx'(False), display='ɢᴇɴɪx'(False), expected='yaboiplappers'
2026-04-07 13:36:02,466 INFO ✗ NOT creator 'disc.nix': name='disc.nix'(False), global='ɢᴇɴɪx'(False), display='ɢᴇɴɪx'(False), expected='yaboiplappers'
2026-04-07 13:36:02,466 INFO ✗ NOT mother 'disc.nix': name='disc.nix'(False), global='ɢᴇɴɪx'(False), expected='elindy'
2026-04-07 13:36:03,175 INFO ✗ NOT creator 'disc.nix': name='disc.nix'(False), global='ɢᴇɴɪx'(False), display='ɢᴇɴɪx'(False), expected='yaboiplappers'
2026-04-07 13:36:03,175 INFO ✗ NOT creator 'disc.nix': name='disc.nix'(False), global='ɢᴇɴɪx'(False), display='ɢᴇɴɪx'(False), expected='yaboiplappers'
2026-04-07 13:36:03,175 INFO ✗ NOT mother 'disc.nix': name='disc.nix'(False), global='ɢᴇɴɪx'(False), expected='elindy'
2026-04-07 13:36:03,942 INFO ✗ NOT creator 'disc.nix': name='disc.nix'(False), global='ɢᴇɴɪx'(False), display='ɢᴇɴɪx'(False), expected='yaboiplappers'
2026-04-07 13:36:03,942 INFO ✗ NOT creator 'disc.nix': name='disc.nix'(False), global='ɢᴇɴɪx'(False), display='ɢᴇɴɪx'(False), expected='yaboiplappers'
2026-04-07 13:36:03,942 INFO ✗ NOT mother 'disc.nix': name='disc.nix'(False), global='ɢᴇɴɪx'(False), expected='elindy'
2026-04-07 13:36:04,668 INFO ✗ NOT creator 'disc.nix': name='disc.nix'(False), global='ɢᴇɴɪx'(False), display='ɢᴇɴɪx'(False), expected='yaboiplappers'
2026-04-07 13:36:04,668 INFO ✗ NOT creator 'disc.nix': name='disc.nix'(False), global='ɢᴇɴɪx'(False), display='ɢᴇɴɪx'(False), expected='yaboiplappers'
2026-04-07 13:36:04,668 INFO ✗ NOT mother 'disc.nix': name='disc.nix'(False), global='ɢᴇɴɪx'(False), expected='elindy'
2026-04-07 13:36:05,263 INFO ✗ NOT creator 'disc.nix': name='disc.nix'(False), global='ɢᴇɴɪx'(False), display='ɢᴇɴɪx'(False), expected='yaboiplappers'
2026-04-07 13:36:05,263 INFO ✗ NOT creator 'disc.nix': name='disc.nix'(False), global='ɢᴇɴɪx'(False), display='ɢᴇɴɪx'(False), expected='yaboiplappers'
2026-04-07 13:36:05,263 INFO ✗ NOT mother 'disc.nix': name='disc.nix'(False), global='ɢᴇɴɪx'(False), expected='elindy'
2026-04-07 13:36:05,908 INFO ✗ NOT creator 'disc.nix': name='disc.nix'(False), global='ɢᴇɴɪx'(False), display='ɢᴇɴɪx'(False), expected='yaboiplappers'
2026-04-07 13:36:05,909 INFO ✗ NOT creator 'disc.nix': name='disc.nix'(False), global='ɢᴇɴɪx'(False), display='ɢᴇɴɪx'(False), expected='yaboiplappers'
2026-04-07 13:36:05,909 INFO ✗ NOT mother 'disc.nix': name='disc.nix'(False), global='ɢᴇɴɪx'(False), expected='elindy'
2026-04-07 13:36:06,599 INFO ✗ NOT creator 'disc.nix': name='disc.nix'(False), global='ɢᴇɴɪx'(False), display='ɢᴇɴɪx'(False), expected='yaboiplappers'
2026-04-07 13:36:06,599 INFO ✗ NOT creator 'disc.nix': name='disc.nix'(False), global='ɢᴇɴɪx'(False), display='ɢᴇɴɪx'(False), expected='yaboiplappers'
2026-04-07 13:36:06,600 INFO ✗ NOT mother 'disc.nix': name='disc.nix'(False), global='ɢᴇɴɪx'(False), expected='elindy'
2026-04-07 13:36:07,279 INFO ✗ NOT creator 'disc.nix': name='disc.nix'(False), global='ɢᴇɴɪx'(False), display='ɢᴇɴɪx'(False), expected='yaboiplappers'
2026-04-07 13:36:07,279 INFO ✗ NOT creator 'disc.nix': name='disc.nix'(False), global='ɢᴇɴɪx'(False), display='ɢᴇɴɪx'(False), expected='yaboiplappers'
2026-04-07 13:36:07,279 INFO ✗ NOT mother 'disc.nix': name='disc.nix'(False), global='ɢᴇɴɪx'(False), expected='elindy'
2026-04-07 13:36:07,885 INFO ✗ NOT creator 'disc.nix': name='disc.nix'(False), global='ɢᴇɴɪx'(False), display='ɢᴇɴɪx'(False), expected='yaboiplappers'
2026-04-07 13:36:07,885 INFO ✗ NOT creator 'disc.nix': name='disc.nix'(False), global='ɢᴇɴɪx'(False), display='ɢᴇɴɪx'(False), expected='yaboiplappers'
2026-04-07 13:36:07,885 INFO ✗ NOT mother 'disc.nix': name='disc.nix'(False), global='ɢᴇɴɪx'(False), expected='elindy'
2026-04-07 13:36:08,735 INFO ✗ NOT creator 'disc.nix': name='disc.nix'(False), global='ɢᴇɴɪx'(False), display='ɢᴇɴɪx'(False), expected='yaboiplappers'
2026-04-07 13:36:08,735 INFO ✗ NOT creator 'disc.nix': name='disc.nix'(False), global='ɢᴇɴɪx'(False), display='ɢᴇɴɪx'(False), expected='yaboiplappers'
2026-04-07 13:36:08,735 INFO ✗ NOT mother 'disc.nix': name='disc.nix'(False), global='ɢᴇɴɪx'(False), expected='elindy'
2026-04-07 13:38:22,809 INFO ✗ NOT creator '_rain._.': name='_rain._.'(False), global='餃煮'(False), display='Rian A. Richard'(False), expected='yaboiplappers'
2026-04-07 13:38:22,809 INFO ✗ NOT creator '_rain._.': name='_rain._.'(False), global='餃煮'(False), display='Rian A. Richard'(False), expected='yaboiplappers'
2026-04-07 13:38:22,809 INFO ✗ NOT mother '_rain._.': name='_rain._.'(False), global='餃煮'(False), expected='elindy'
2026-04-07 13:39:57,663 INFO ✗ NOT creator 'weebuszillas': name='weebuszillas'(False), global='Weebus'(False), display='Louis'(False), expected='yaboiplappers'
2026-04-07 13:39:57,663 INFO ✗ NOT creator 'weebuszillas': name='weebuszillas'(False), global='Weebus'(False), display='Louis'(False), expected='yaboiplappers'
2026-04-07 13:39:57,663 INFO ✗ NOT mother 'weebuszillas': name='weebuszillas'(False), global='Weebus'(False), expected='elindy'
2026-04-07 13:43:48,676 INFO ✗ NOT creator 'disc.nix': name='disc.nix'(False), global='ɢᴇɴɪx'(False), display='ɢᴇɴɪx'(False), expected='yaboiplappers'
2026-04-07 13:43:48,676 INFO ✗ NOT creator 'disc.nix': name='disc.nix'(False), global='ɢᴇɴɪx'(False), display='ɢᴇɴɪx'(False), expected='yaboiplappers'
2026-04-07 13:43:48,676 INFO ✗ NOT mother 'disc.nix': name='disc.nix'(False), global='ɢᴇɴɪx'(False), expected='elindy'
2026-04-07 13:43:50,593 INFO ✗ NOT creator 'disc.nix': name='disc.nix'(False), global='ɢᴇɴɪx'(False), display='ɢᴇɴɪx'(False), expected='yaboiplappers'
2026-04-07 13:43:50,593 INFO ✗ NOT creator 'disc.nix': name='disc.nix'(False), global='ɢᴇɴɪx'(False), display='ɢᴇɴɪx'(False), expected='yaboiplappers'
2026-04-07 13:43:50,593 INFO ✗ NOT mother 'disc.nix': name='disc.nix'(False), global='ɢᴇɴɪx'(False), expected='elindy'
2026-04-07 13:43:56,025 INFO ✗ NOT creator 'weebuszillas': name='weebuszillas'(False), global='Weebus'(False), display='Louis'(False), expected='yaboiplappers'
2026-04-07 13:43:56,025 INFO ✗ NOT creator 'weebuszillas': name='weebuszillas'(False), global='Weebus'(False), display='Louis'(False), expected='yaboiplappers'
2026-04-07 13:43:56,025 INFO ✗ NOT mother 'weebuszillas': name='weebuszillas'(False), global='Weebus'(False), expected='elindy'
2026-04-07 13:47:20,871 INFO ✗ NOT creator 'disc.nix': name='disc.nix'(False), global='ɢᴇɴɪx'(False), display='ɢᴇɴɪx'(False), expected='yaboiplappers'
2026-04-07 13:47:20,871 INFO ✗ NOT creator 'disc.nix': name='disc.nix'(False), global='ɢᴇɴɪx'(False), display='ɢᴇɴɪx'(False), expected='yaboiplappers'
2026-04-07 13:47:20,871 INFO ✗ NOT mother 'disc.nix': name='disc.nix'(False), global='ɢᴇɴɪx'(False), expected='elindy'
2026-04-07 13:48:05,485 INFO ✗ NOT creator 'disc.nix': name='disc.nix'(False), global='ɢᴇɴɪx'(False), display='ɢᴇɴɪx'(False), expected='yaboiplappers'
2026-04-07 13:48:05,485 INFO ✗ NOT creator 'disc.nix': name='disc.nix'(False), global='ɢᴇɴɪx'(False), display='ɢᴇɴɪx'(False), expected='yaboiplappers'
2026-04-07 13:48:05,485 INFO ✗ NOT mother 'disc.nix': name='disc.nix'(False), global='ɢᴇɴɪx'(False), expected='elindy'
2026-04-07 14:23:55,383 INFO ✗ NOT creator '.bochan.': name='.bochan.'(False), global='❥ вσтαη'(False), display='❥Bochan'(False), expected='yaboiplappers'
2026-04-07 14:23:55,383 INFO ✗ NOT creator '.bochan.': name='.bochan.'(False), global='❥ вσтαη'(False), display='❥Bochan'(False), expected='yaboiplappers'
2026-04-07 14:23:55,383 INFO ✗ NOT mother '.bochan.': name='.bochan.'(False), global='❥ вσтαη'(False), expected='elindy'
2026-04-07 14:23:56,502 INFO ✗ NOT creator '.bochan.': name='.bochan.'(False), global='❥ вσтαη'(False), display='❥Bochan'(False), expected='yaboiplappers'
2026-04-07 14:23:56,503 INFO ✗ NOT creator '.bochan.': name='.bochan.'(False), global='❥ вσтαη'(False), display='❥Bochan'(False), expected='yaboiplappers'
2026-04-07 14:23:56,503 INFO ✗ NOT mother '.bochan.': name='.bochan.'(False), global='❥ вσтαη'(False), expected='elindy'
2026-04-07 14:25:20,744 INFO ✗ NOT creator '.bochan.': name='.bochan.'(False), global='❥ вσтαη'(False), display='❥Bochan'(False), expected='yaboiplappers'
2026-04-07 14:25:20,744 INFO ✗ NOT creator '.bochan.': name='.bochan.'(False), global='❥ вσтαη'(False), display='❥Bochan'(False), expected='yaboiplappers'
2026-04-07 14:25:20,744 INFO ✗ NOT mother '.bochan.': name='.bochan.'(False), global='❥ вσтαη'(False), expected='elindy'
2026-04-07 14:30:06,316 INFO ✗ NOT creator 'vbunn_': name='vbunn_'(False), global=None(None), display="rian a. richard's lovergirl"(False), expected='yaboiplappers'
2026-04-07 14:30:06,316 INFO ✗ NOT creator 'vbunn_': name='vbunn_'(False), global=None(None), display="rian a. richard's lovergirl"(False), expected='yaboiplappers'
2026-04-07 14:30:06,316 INFO ✗ NOT mother 'vbunn_': name='vbunn_'(False), global=None(None), expected='elindy'
2026-04-07 14:30:12,620 INFO ✗ NOT creator 'vbunn_': name='vbunn_'(False), global=None(None), display="rian a. richard's lovergirl"(False), expected='yaboiplappers'
2026-04-07 14:30:12,620 INFO ✗ NOT creator 'vbunn_': name='vbunn_'(False), global=None(None), display="rian a. richard's lovergirl"(False), expected='yaboiplappers'
2026-04-07 14:30:12,620 INFO ✗ NOT mother 'vbunn_': name='vbunn_'(False), global=None(None), expected='elindy'
2026-04-07 14:30:14,232 INFO ✗ NOT creator 'kalavi': name='kalavi'(False), global='Kalavi'(False), display='Kalavi'(False), expected='yaboiplappers'
2026-04-07 14:30:14,232 INFO ✗ NOT creator 'kalavi': name='kalavi'(False), global='Kalavi'(False), display='Kalavi'(False), expected='yaboiplappers'
2026-04-07 14:30:14,232 INFO ✗ NOT mother 'kalavi': name='kalavi'(False), global='Kalavi'(False), expected='elindy'
2026-04-07 14:31:02,782 INFO ✗ NOT creator 'vbunn_': name='vbunn_'(False), global=None(None), display="rian a. richard's lovergirl"(False), expected='yaboiplappers'
2026-04-07 14:31:02,782 INFO ✗ NOT creator 'vbunn_': name='vbunn_'(False), global=None(None), display="rian a. richard's lovergirl"(False), expected='yaboiplappers'
2026-04-07 14:31:02,782 INFO ✗ NOT mother 'vbunn_': name='vbunn_'(False), global=None(None), expected='elindy'
2026-04-07 14:31:42,394 INFO ✗ NOT creator '.bochan.': name='.bochan.'(False), global='❥ вσтαη'(False), display='❥Bochan'(False), expected='yaboiplappers'
2026-04-07 14:31:42,394 INFO ✗ NOT creator '.bochan.': name='.bochan.'(False), global='❥ вσтαη'(False), display='❥Bochan'(False), expected='yaboiplappers'
2026-04-07 14:31:42,394 INFO ✗ NOT mother '.bochan.': name='.bochan.'(False), global='❥ вσтαη'(False), expected='elindy'
2026-04-07 14:32:06,224 INFO ✗ NOT creator 'potytasghost': name='potytasghost'(False), global='Potyta'(False), display='Potytarattatatatatata'(False), expected='yaboiplappers'
2026-04-07 14:32:06,224 INFO ✗ NOT creator 'potytasghost': name='potytasghost'(False), global='Potyta'(False), display='Potytarattatatatatata'(False), expected='yaboiplappers'
2026-04-07 14:32:06,224 INFO ✗ NOT mother 'potytasghost': name='potytasghost'(False), global='Potyta'(False), expected='elindy'
2026-04-07 14:32:22,921 INFO ✗ NOT creator '.bochan.': name='.bochan.'(False), global='❥ вσтαη'(False), display='❥Bochan'(False), expected='yaboiplappers'
2026-04-07 14:32:22,921 INFO ✗ NOT creator '.bochan.': name='.bochan.'(False), global='❥ вσтαη'(False), display='❥Bochan'(False), expected='yaboiplappers'
2026-04-07 14:32:22,921 INFO ✗ NOT mother '.bochan.': name='.bochan.'(False), global='❥ вσтαη'(False), expected='elindy'
2026-04-07 14:33:09,806 INFO ✗ NOT creator 'potytasghost': name='potytasghost'(False), global='Potyta'(False), display='Potytarattatatatatata'(False), expected='yaboiplappers'
2026-04-07 14:33:09,806 INFO ✗ NOT creator 'potytasghost': name='potytasghost'(False), global='Potyta'(False), display='Potytarattatatatatata'(False), expected='yaboiplappers'
2026-04-07 14:33:09,807 INFO ✗ NOT mother 'potytasghost': name='potytasghost'(False), global='Potyta'(False), expected='elindy'
2026-04-07 14:38:57,515 INFO ✗ NOT creator 'mr.cooldeadman': name='mr.cooldeadman'(False), global='ABU-SPIDERMAN'(False), display='SPIDERABU'(False), expected='yaboiplappers'
2026-04-07 14:38:57,516 INFO ✗ NOT creator 'mr.cooldeadman': name='mr.cooldeadman'(False), global='ABU-SPIDERMAN'(False), display='SPIDERABU'(False), expected='yaboiplappers'
2026-04-07 14:38:57,516 INFO ✗ NOT mother 'mr.cooldeadman': name='mr.cooldeadman'(False), global='ABU-SPIDERMAN'(False), expected='elindy'
2026-04-07 14:41:33,698 INFO ✗ NOT creator 'vbunn_': name='vbunn_'(False), global=None(None), display="rian a. richard's lovergirl"(False), expected='yaboiplappers'
2026-04-07 14:41:33,699 INFO ✗ NOT creator 'vbunn_': name='vbunn_'(False), global=None(None), display="rian a. richard's lovergirl"(False), expected='yaboiplappers'
2026-04-07 14:41:33,699 INFO ✗ NOT mother 'vbunn_': name='vbunn_'(False), global=None(None), expected='elindy'
2026-04-07 14:42:14,826 INFO ✗ NOT creator 'potytasghost': name='potytasghost'(False), global='Potyta'(False), display='Potytarattatatatatata'(False), expected='yaboiplappers'
2026-04-07 14:42:14,826 INFO ✗ NOT creator 'potytasghost': name='potytasghost'(False), global='Potyta'(False), display='Potytarattatatatatata'(False), expected='yaboiplappers'
2026-04-07 14:42:14,826 INFO ✗ NOT mother 'potytasghost': name='potytasghost'(False), global='Potyta'(False), expected='elindy'
2026-04-07 14:43:18,400 INFO ✗ NOT creator 'potytasghost': name='potytasghost'(False), global='Potyta'(False), display='Potytarattatatatatata'(False), expected='yaboiplappers'
2026-04-07 14:43:18,400 INFO ✗ NOT creator 'potytasghost': name='potytasghost'(False), global='Potyta'(False), display='Potytarattatatatatata'(False), expected='yaboiplappers'
2026-04-07 14:43:18,400 INFO ✗ NOT mother 'potytasghost': name='potytasghost'(False), global='Potyta'(False), expected='elindy'
2026-04-07 14:45:35,928 INFO ✗ NOT creator 'nanasoda': name='nanasoda'(False), global='nana'(False), display='○ˋ  w  ˊ○'(False), expected='yaboiplappers'
2026-04-07 14:45:35,928 INFO ✗ NOT creator 'nanasoda': name='nanasoda'(False), global='nana'(False), display='○ˋ  w  ˊ○'(False), expected='yaboiplappers'
2026-04-07 14:45:35,928 INFO ✗ NOT mother 'nanasoda': name='nanasoda'(False), global='nana'(False), expected='elindy'
2026-04-07 14:47:03,633 INFO ✗ NOT creator 'vbunn_': name='vbunn_'(False), global=None(None), display="rian a. richard's lovergirl"(False), expected='yaboiplappers'
2026-04-07 14:47:03,633 INFO ✗ NOT creator 'vbunn_': name='vbunn_'(False), global=None(None), display="rian a. richard's lovergirl"(False), expected='yaboiplappers'
2026-04-07 14:47:03,633 INFO ✗ NOT mother 'vbunn_': name='vbunn_'(False), global=None(None), expected='elindy'
2026-04-07 14:58:45,866 INFO ✗ NOT creator 'vbunn_': name='vbunn_'(False), global=None(None), display="rian a. richard's lovergirl"(False), expected='yaboiplappers'
2026-04-07 14:58:45,866 INFO ✗ NOT creator 'vbunn_': name='vbunn_'(False), global=None(None), display="rian a. richard's lovergirl"(False), expected='yaboiplappers'
2026-04-07 14:58:45,866 INFO ✗ NOT mother 'vbunn_': name='vbunn_'(False), global=None(None), expected='elindy'
2026-04-07 14:58:53,138 INFO ✗ NOT creator 'vbunn_': name='vbunn_'(False), global=None(None), display="rian a. richard's lovergirl"(False), expected='yaboiplappers'
2026-04-07 14:58:53,138 INFO ✗ NOT creator 'vbunn_': name='vbunn_'(False), global=None(None), display="rian a. richard's lovergirl"(False), expected='yaboiplappers'
2026-04-07 14:58:53,138 INFO ✗ NOT mother 'vbunn_': name='vbunn_'(False), global=None(None), expected='elindy'
2026-04-07 14:59:00,224 INFO ✗ NOT creator 'vbunn_': name='vbunn_'(False), global=None(None), display="rian a. richard's lovergirl"(False), expected='yaboiplappers'
2026-04-07 14:59:00,225 INFO ✗ NOT creator 'vbunn_': name='vbunn_'(False), global=None(None), display="rian a. richard's lovergirl"(False), expected='yaboiplappers'
2026-04-07 14:59:00,225 INFO ✗ NOT mother 'vbunn_': name='vbunn_'(False), global=None(None), expected='elindy'
2026-04-07 15:00:13,276 INFO ✗ NOT creator 'vbunn_': name='vbunn_'(False), global=None(None), display="rian a. richard's lovergirl"(False), expected='yaboiplappers'
2026-04-07 15:00:13,277 INFO ✗ NOT creator 'vbunn_': name='vbunn_'(False), global=None(None), display="rian a. richard's lovergirl"(False), expected='yaboiplappers'
2026-04-07 15:00:13,277 INFO ✗ NOT mother 'vbunn_': name='vbunn_'(False), global=None(None), expected='elindy'
2026-04-07 15:00:32,149 INFO ✗ NOT creator 'andre012010': name='andre012010'(False), global='Andres'(False), display='Andres'(False), expected='yaboiplappers'
2026-04-07 15:00:32,149 INFO ✗ NOT creator 'andre012010': name='andre012010'(False), global='Andres'(False), display='Andres'(False), expected='yaboiplappers'
2026-04-07 15:00:32,149 INFO ✗ NOT mother 'andre012010': name='andre012010'(False), global='Andres'(False), expected='elindy'
2026-04-07 15:00:37,398 INFO ✗ NOT creator 'vbunn_': name='vbunn_'(False), global=None(None), display="rian a. richard's lovergirl"(False), expected='yaboiplappers'
2026-04-07 15:00:37,398 INFO ✗ NOT creator 'vbunn_': name='vbunn_'(False), global=None(None), display="rian a. richard's lovergirl"(False), expected='yaboiplappers'
2026-04-07 15:00:37,398 INFO ✗ NOT mother 'vbunn_': name='vbunn_'(False), global=None(None), expected='elindy'
2026-04-07 15:00:44,274 INFO ✗ NOT creator 'vbunn_': name='vbunn_'(False), global=None(None), display="rian a. richard's lovergirl"(False), expected='yaboiplappers'
2026-04-07 15:00:44,274 INFO ✗ NOT creator 'vbunn_': name='vbunn_'(False), global=None(None), display="rian a. richard's lovergirl"(False), expected='yaboiplappers'
2026-04-07 15:00:44,274 INFO ✗ NOT mother 'vbunn_': name='vbunn_'(False), global=None(None), expected='elindy'
2026-04-07 15:08:36,872 INFO ✗ NOT creator '.bochan.': name='.bochan.'(False), global='❥ вσтαη'(False), display='❥Bochan'(False), expected='yaboiplappers'
2026-04-07 15:08:36,872 INFO ✗ NOT creator '.bochan.': name='.bochan.'(False), global='❥ вσтαη'(False), display='❥Bochan'(False), expected='yaboiplappers'
2026-04-07 15:08:36,872 INFO ✗ NOT mother '.bochan.': name='.bochan.'(False), global='❥ вσтαη'(False), expected='elindy'
2026-04-07 15:09:00,124 INFO ✗ NOT creator '.bochan.': name='.bochan.'(False), global='❥ вσтαη'(False), display='❥Bochan'(False), expected='yaboiplappers'
2026-04-07 15:09:00,124 INFO ✗ NOT creator '.bochan.': name='.bochan.'(False), global='❥ вσтαη'(False), display='❥Bochan'(False), expected='yaboiplappers'
2026-04-07 15:09:00,124 INFO ✗ NOT mother '.bochan.': name='.bochan.'(False), global='❥ вσтαη'(False), expected='elindy'
2026-04-07 15:11:17,891 INFO ✗ NOT creator 'andre012010': name='andre012010'(False), global='Andres'(False), display='Andres'(False), expected='yaboiplappers'
2026-04-07 15:11:17,891 INFO ✗ NOT creator 'andre012010': name='andre012010'(False), global='Andres'(False), display='Andres'(False), expected='yaboiplappers'
2026-04-07 15:11:17,891 INFO ✗ NOT mother 'andre012010': name='andre012010'(False), global='Andres'(False), expected='elindy'
2026-04-07 15:11:34,353 INFO ✓ CREATOR detected via name: 'yaboiplappers' == 'yaboiplappers'
2026-04-07 15:11:34,353 INFO ✓ CREATOR detected via name: 'yaboiplappers' == 'yaboiplappers'
2026-04-07 15:11:34,353 INFO ✓ CREATOR detected via name: 'yaboiplappers' == 'yaboiplappers'
2026-04-07 15:11:48,569 INFO ✓ CREATOR detected via name: 'yaboiplappers' == 'yaboiplappers'
2026-04-07 15:11:48,569 INFO ✓ CREATOR detected via name: 'yaboiplappers' == 'yaboiplappers'
2026-04-07 15:11:48,569 INFO ✓ CREATOR detected via name: 'yaboiplappers' == 'yaboiplappers'
2026-04-07 15:13:38,119 INFO ✗ NOT creator 'nanasoda': name='nanasoda'(False), global='nana'(False), display='○ˋ  w  ˊ○'(False), expected='yaboiplappers'
2026-04-07 15:13:38,119 INFO ✗ NOT creator 'nanasoda': name='nanasoda'(False), global='nana'(False), display='○ˋ  w  ˊ○'(False), expected='yaboiplappers'
2026-04-07 15:13:38,119 INFO ✗ NOT mother 'nanasoda': name='nanasoda'(False), global='nana'(False), expected='elindy'
2026-04-07 15:15:15,873 INFO ✗ NOT creator 'kalavi': name='kalavi'(False), global='Kalavi'(False), display='Kalavi'(False), expected='yaboiplappers'
2026-04-07 15:15:15,873 INFO ✗ NOT creator 'kalavi': name='kalavi'(False), global='Kalavi'(False), display='Kalavi'(False), expected='yaboiplappers'
2026-04-07 15:15:15,873 INFO ✗ NOT mother 'kalavi': name='kalavi'(False), global='Kalavi'(False), expected='elindy'
2026-04-07 15:15:20,106 INFO ✗ NOT creator 'kalavi': name='kalavi'(False), global='Kalavi'(False), display='Kalavi'(False), expected='yaboiplappers'
2026-04-07 15:15:20,106 INFO ✗ NOT creator 'kalavi': name='kalavi'(False), global='Kalavi'(False), display='Kalavi'(False), expected='yaboiplappers'
2026-04-07 15:15:20,106 INFO ✗ NOT mother 'kalavi': name='kalavi'(False), global='Kalavi'(False), expected='elindy'
2026-04-07 15:15:20,692 INFO ✗ NOT creator 'kalavi': name='kalavi'(False), global='Kalavi'(False), display='Kalavi'(False), expected='yaboiplappers'
2026-04-07 15:15:20,692 INFO ✗ NOT creator 'kalavi': name='kalavi'(False), global='Kalavi'(False), display='Kalavi'(False), expected='yaboiplappers'
2026-04-07 15:15:20,692 INFO ✗ NOT mother 'kalavi': name='kalavi'(False), global='Kalavi'(False), expected='elindy'
2026-04-07 15:15:59,792 INFO ✗ NOT creator 'cubbs': name='cubbs'(False), global=None(None), display='Abod'(False), expected='yaboiplappers'
2026-04-07 15:15:59,792 INFO ✗ NOT creator 'cubbs': name='cubbs'(False), global=None(None), display='Abod'(False), expected='yaboiplappers'
2026-04-07 15:15:59,792 INFO ✗ NOT mother 'cubbs': name='cubbs'(False), global=None(None), expected='elindy'
2026-04-07 15:17:16,742 INFO ✗ NOT creator 'vbunn_': name='vbunn_'(False), global=None(None), display="rian a. richard's lovergirl"(False), expected='yaboiplappers'
2026-04-07 15:17:16,742 INFO ✗ NOT creator 'vbunn_': name='vbunn_'(False), global=None(None), display="rian a. richard's lovergirl"(False), expected='yaboiplappers'
2026-04-07 15:17:16,742 INFO ✗ NOT mother 'vbunn_': name='vbunn_'(False), global=None(None), expected='elindy'
2026-04-07 15:17:51,183 INFO ✗ NOT creator 'rain_r.': name='rain_r.'(False), global='Rain 🌧️ er'(False), display='Rainer'(False), expected='yaboiplappers'
2026-04-07 15:17:51,184 INFO ✗ NOT creator 'rain_r.': name='rain_r.'(False), global='Rain 🌧️ er'(False), display='Rainer'(False), expected='yaboiplappers'
2026-04-07 15:17:51,184 INFO ✗ NOT mother 'rain_r.': name='rain_r.'(False), global='Rain 🌧️ er'(False), expected='elindy'
2026-04-07 15:20:30,098 INFO ✓ CREATOR detected via name: 'yaboiplappers' == 'yaboiplappers'
2026-04-07 15:20:30,098 INFO ✓ CREATOR detected via name: 'yaboiplappers' == 'yaboiplappers'
2026-04-07 15:20:30,098 INFO ✓ CREATOR detected via name: 'yaboiplappers' == 'yaboiplappers'
2026-04-07 15:21:07,213 INFO ✓ CREATOR detected via name: 'yaboiplappers' == 'yaboiplappers'
2026-04-07 15:21:07,213 INFO ✓ CREATOR detected via name: 'yaboiplappers' == 'yaboiplappers'
2026-04-07 15:21:07,213 INFO ✓ CREATOR detected via name: 'yaboiplappers' == 'yaboiplappers'
2026-04-10 12:49:59,691 INFO Debug log file initialized at C:\Users\samth\OneDrive\Desktop\School Stuff\IncubatorV2\The Digitan Files\bot_debug.log
2026-04-10 12:50:04,257 INFO on_ready fired for Agnes Digitan#4286 (id=1490021973072412734), guild_count=3
2026-04-10 12:50:04,257 INFO Background tasks started
2026-04-10 12:50:04,257 INFO Commands in bot.tree before sync: 12
2026-04-10 12:50:04,983 INFO Globally synced 12 slash commands
2026-04-10 12:50:05,126 INFO ✗ NOT creator 'dressperado': name='dressperado'(False), global='dressperado'(False), display='Matthew'(False), expected='yaboiplappers'
2026-04-10 12:50:05,126 INFO ✗ NOT creator 'dressperado': name='dressperado'(False), global='dressperado'(False), display='Matthew'(False), expected='yaboiplappers'
2026-04-10 12:50:05,126 INFO ✗ NOT mother 'dressperado': name='dressperado'(False), global='dressperado'(False), expected='elindy'
2026-04-10 12:50:06,114 INFO ✗ NOT creator 'kaie69': name='kaie69'(False), global='Kaié'(False), display='Vince'(False), expected='yaboiplappers'
2026-04-10 12:50:06,114 INFO ✗ NOT creator 'kaie69': name='kaie69'(False), global='Kaié'(False), display='Vince'(False), expected='yaboiplappers'
2026-04-10 12:50:06,114 INFO ✗ NOT mother 'kaie69': name='kaie69'(False), global='Kaié'(False), expected='elindy'
2026-04-10 12:50:13,687 INFO ✗ NOT creator 'kaie69': name='kaie69'(False), global='Kaié'(False), display='Vince'(False), expected='yaboiplappers'
2026-04-10 12:50:13,687 INFO ✗ NOT creator 'kaie69': name='kaie69'(False), global='Kaié'(False), display='Vince'(False), expected='yaboiplappers'
2026-04-10 12:50:13,687 INFO ✗ NOT mother 'kaie69': name='kaie69'(False), global='Kaié'(False), expected='elindy'
2026-04-10 12:50:27,993 INFO ✗ NOT creator 'kaie69': name='kaie69'(False), global='Kaié'(False), display='Vince'(False), expected='yaboiplappers'
2026-04-10 12:50:27,994 INFO ✗ NOT creator 'kaie69': name='kaie69'(False), global='Kaié'(False), display='Vince'(False), expected='yaboiplappers'
2026-04-10 12:50:27,994 INFO ✗ NOT mother 'kaie69': name='kaie69'(False), global='Kaié'(False), expected='elindy'
2026-04-10 12:50:39,263 INFO ✗ NOT creator 'dressperado': name='dressperado'(False), global='dressperado'(False), display='Matthew'(False), expected='yaboiplappers'
2026-04-10 12:50:39,263 INFO ✗ NOT creator 'dressperado': name='dressperado'(False), global='dressperado'(False), display='Matthew'(False), expected='yaboiplappers'
2026-04-10 12:50:39,263 INFO ✗ NOT mother 'dressperado': name='dressperado'(False), global='dressperado'(False), expected='elindy'
2026-04-10 12:50:50,958 INFO ✗ NOT creator 'kaie69': name='kaie69'(False), global='Kaié'(False), display='Vince'(False), expected='yaboiplappers'
2026-04-10 12:50:50,958 INFO ✗ NOT creator 'kaie69': name='kaie69'(False), global='Kaié'(False), display='Vince'(False), expected='yaboiplappers'
2026-04-10 12:50:50,958 INFO ✗ NOT mother 'kaie69': name='kaie69'(False), global='Kaié'(False), expected='elindy'
2026-04-10 12:50:56,652 INFO ✗ NOT creator 'dressperado': name='dressperado'(False), global='dressperado'(False), display='Matthew'(False), expected='yaboiplappers'
2026-04-10 12:50:56,652 INFO ✗ NOT creator 'dressperado': name='dressperado'(False), global='dressperado'(False), display='Matthew'(False), expected='yaboiplappers'
2026-04-10 12:50:56,652 INFO ✗ NOT mother 'dressperado': name='dressperado'(False), global='dressperado'(False), expected='elindy'
2026-04-10 12:51:05,729 INFO ✗ NOT creator 'kaie69': name='kaie69'(False), global='Kaié'(False), display='Vince'(False), expected='yaboiplappers'
2026-04-10 12:51:05,729 INFO ✗ NOT creator 'kaie69': name='kaie69'(False), global='Kaié'(False), display='Vince'(False), expected='yaboiplappers'
2026-04-10 12:51:05,729 INFO ✗ NOT mother 'kaie69': name='kaie69'(False), global='Kaié'(False), expected='elindy'
2026-04-10 12:52:15,624 INFO ✓ CREATOR detected via name: 'yaboiplappers' == 'yaboiplappers'
2026-04-10 12:52:15,624 INFO ✓ CREATOR detected via name: 'yaboiplappers' == 'yaboiplappers'
2026-04-10 12:52:15,624 INFO ✓ CREATOR detected via name: 'yaboiplappers' == 'yaboiplappers'
2026-05-08 20:01:17,645 INFO Debug log file initialized at C:\Users\samth\OneDrive\Desktop\School Stuff\IncubatorV2\The Digitan Files\bot_debug.log
2026-05-08 20:03:05,559 INFO Debug log file initialized at C:\Users\samth\OneDrive\Desktop\School Stuff\IncubatorV2\The Digitan Files\bot_debug.log
2026-05-08 20:03:08,992 INFO ✗ NOT creator 'disc.nix': name='disc.nix'(False), global='ɢᴇɴɪx'(False), display='ɢᴇɴɪx'(False), expected='yaboiplappers'
2026-05-08 20:03:08,992 INFO ✗ NOT creator 'disc.nix': name='disc.nix'(False), global='ɢᴇɴɪx'(False), display='ɢᴇɴɪx'(False), expected='yaboiplappers'
2026-05-08 20:03:08,992 INFO ✗ NOT mother 'disc.nix': name='disc.nix'(False), global='ɢᴇɴɪx'(False), expected='elindy'
2026-05-08 20:03:09,327 INFO on_ready fired for Agnes Digitan#4286 (id=1490021973072412734), guild_count=3
2026-05-08 20:03:09,329 INFO Background tasks started
2026-05-08 20:03:09,329 INFO Commands in bot.tree before sync: 12
2026-05-08 20:03:09,752 INFO Globally synced 12 slash commands
2026-05-08 20:03:18,973 INFO ✗ NOT creator 'disc.nix': name='disc.nix'(False), global='ɢᴇɴɪx'(False), display='ɢᴇɴɪx'(False), expected='yaboiplappers'
2026-05-08 20:03:18,973 INFO ✗ NOT creator 'disc.nix': name='disc.nix'(False), global='ɢᴇɴɪx'(False), display='ɢᴇɴɪx'(False), expected='yaboiplappers'
2026-05-08 20:03:18,973 INFO ✗ NOT mother 'disc.nix': name='disc.nix'(False), global='ɢᴇɴɪx'(False), expected='elindy'
2026-05-08 20:04:12,025 INFO ✓ CREATOR detected via name: 'yaboiplappers' == 'yaboiplappers'
2026-05-08 20:04:12,025 INFO ✓ CREATOR detected via name: 'yaboiplappers' == 'yaboiplappers'
2026-05-08 20:04:12,025 INFO ✓ CREATOR detected via name: 'yaboiplappers' == 'yaboiplappers'
2026-05-08 20:13:43,537 INFO ✓ CREATOR detected via name: 'yaboiplappers' == 'yaboiplappers'
2026-05-08 20:13:43,538 INFO ✓ CREATOR detected via name: 'yaboiplappers' == 'yaboiplappers'
2026-05-08 20:13:43,538 INFO ✓ CREATOR detected via name: 'yaboiplappers' == 'yaboiplappers'
2026-05-08 20:13:45,059 INFO ✗ NOT creator 'nanasoda': name='nanasoda'(False), global='nana'(False), display='○ˋ  w  ˊ○'(False), expected='yaboiplappers'
2026-05-08 20:13:45,059 INFO ✗ NOT creator 'nanasoda': name='nanasoda'(False), global='nana'(False), display='○ˋ  w  ˊ○'(False), expected='yaboiplappers'
2026-05-08 20:13:45,059 INFO ✗ NOT mother 'nanasoda': name='nanasoda'(False), global='nana'(False), expected='elindy'
2026-05-08 20:14:01,069 INFO ✓ CREATOR detected via name: 'yaboiplappers' == 'yaboiplappers'
2026-05-08 20:14:01,069 INFO ✓ CREATOR detected via name: 'yaboiplappers' == 'yaboiplappers'
2026-05-08 20:14:01,069 INFO ✓ CREATOR detected via name: 'yaboiplappers' == 'yaboiplappers'
2026-05-08 20:23:20,367 INFO ✗ NOT creator 'jhyata1388': name='jhyata1388'(False), global='Jhyata'(False), display='Troy'(False), expected='yaboiplappers'
2026-05-08 20:23:20,367 INFO ✗ NOT creator 'jhyata1388': name='jhyata1388'(False), global='Jhyata'(False), display='Troy'(False), expected='yaboiplappers'
2026-05-08 20:23:20,367 INFO ✗ NOT mother 'jhyata1388': name='jhyata1388'(False), global='Jhyata'(False), expected='elindy'
2026-05-08 20:23:27,788 INFO ✗ NOT creator 'jhyata1388': name='jhyata1388'(False), global='Jhyata'(False), display='Troy'(False), expected='yaboiplappers'
2026-05-08 20:23:27,788 INFO ✗ NOT creator 'jhyata1388': name='jhyata1388'(False), global='Jhyata'(False), display='Troy'(False), expected='yaboiplappers'
2026-05-08 20:23:27,788 INFO ✗ NOT mother 'jhyata1388': name='jhyata1388'(False), global='Jhyata'(False), expected='elindy'
2026-05-08 20:24:01,462 INFO ✗ NOT creator 'jhyata1388': name='jhyata1388'(False), global='Jhyata'(False), display='Troy'(False), expected='yaboiplappers'
2026-05-08 20:24:01,462 INFO ✗ NOT creator 'jhyata1388': name='jhyata1388'(False), global='Jhyata'(False), display='Troy'(False), expected='yaboiplappers'
2026-05-08 20:24:01,462 INFO ✗ NOT mother 'jhyata1388': name='jhyata1388'(False), global='Jhyata'(False), expected='elindy'
2026-05-08 20:24:10,985 INFO ✗ NOT creator 'disc.nix': name='disc.nix'(False), global='ɢᴇɴɪx'(False), display='ɢᴇɴɪx'(False), expected='yaboiplappers'
2026-05-08 20:24:10,985 INFO ✗ NOT creator 'disc.nix': name='disc.nix'(False), global='ɢᴇɴɪx'(False), display='ɢᴇɴɪx'(False), expected='yaboiplappers'
2026-05-08 20:24:10,985 INFO ✗ NOT mother 'disc.nix': name='disc.nix'(False), global='ɢᴇɴɪx'(False), expected='elindy'
2026-05-08 20:24:12,211 INFO ✗ NOT creator 'disc.nix': name='disc.nix'(False), global='ɢᴇɴɪx'(False), display='ɢᴇɴɪx'(False), expected='yaboiplappers'
2026-05-08 20:24:12,211 INFO ✗ NOT creator 'disc.nix': name='disc.nix'(False), global='ɢᴇɴɪx'(False), display='ɢᴇɴɪx'(False), expected='yaboiplappers'
2026-05-08 20:24:12,211 INFO ✗ NOT mother 'disc.nix': name='disc.nix'(False), global='ɢᴇɴɪx'(False), expected='elindy'
2026-05-08 20:24:19,706 INFO ✗ NOT creator 'disc.nix': name='disc.nix'(False), global='ɢᴇɴɪx'(False), display='ɢᴇɴɪx'(False), expected='yaboiplappers'
2026-05-08 20:24:19,706 INFO ✗ NOT creator 'disc.nix': name='disc.nix'(False), global='ɢᴇɴɪx'(False), display='ɢᴇɴɪx'(False), expected='yaboiplappers'
2026-05-08 20:24:19,706 INFO ✗ NOT mother 'disc.nix': name='disc.nix'(False), global='ɢᴇɴɪx'(False), expected='elindy'
2026-05-08 20:24:40,521 INFO ✗ NOT creator 'jhyata1388': name='jhyata1388'(False), global='Jhyata'(False), display='Troy'(False), expected='yaboiplappers'
2026-05-08 20:24:40,522 INFO ✗ NOT creator 'jhyata1388': name='jhyata1388'(False), global='Jhyata'(False), display='Troy'(False), expected='yaboiplappers'
2026-05-08 20:24:40,522 INFO ✗ NOT mother 'jhyata1388': name='jhyata1388'(False), global='Jhyata'(False), expected='elindy'
2026-05-08 20:24:50,826 INFO ✗ NOT creator 'jhyata1388': name='jhyata1388'(False), global='Jhyata'(False), display='Troy'(False), expected='yaboiplappers'
2026-05-08 20:24:50,826 INFO ✗ NOT creator 'jhyata1388': name='jhyata1388'(False), global='Jhyata'(False), display='Troy'(False), expected='yaboiplappers'
2026-05-08 20:24:50,826 INFO ✗ NOT mother 'jhyata1388': name='jhyata1388'(False), global='Jhyata'(False), expected='elindy'
2026-05-08 20:24:51,837 INFO ✗ NOT creator 'disc.nix': name='disc.nix'(False), global='ɢᴇɴɪx'(False), display='ɢᴇɴɪx'(False), expected='yaboiplappers'
2026-05-08 20:24:51,837 INFO ✗ NOT creator 'disc.nix': name='disc.nix'(False), global='ɢᴇɴɪx'(False), display='ɢᴇɴɪx'(False), expected='yaboiplappers'
2026-05-08 20:24:51,837 INFO ✗ NOT mother 'disc.nix': name='disc.nix'(False), global='ɢᴇɴɪx'(False), expected='elindy'
2026-05-08 20:24:57,950 INFO ✗ NOT creator 'disc.nix': name='disc.nix'(False), global='ɢᴇɴɪx'(False), display='ɢᴇɴɪx'(False), expected='yaboiplappers'
2026-05-08 20:24:57,950 INFO ✗ NOT creator 'disc.nix': name='disc.nix'(False), global='ɢᴇɴɪx'(False), display='ɢᴇɴɪx'(False), expected='yaboiplappers'
2026-05-08 20:24:57,950 INFO ✗ NOT mother 'disc.nix': name='disc.nix'(False), global='ɢᴇɴɪx'(False), expected='elindy'
2026-05-08 20:25:05,792 INFO ✗ NOT creator 'disc.nix': name='disc.nix'(False), global='ɢᴇɴɪx'(False), display='ɢᴇɴɪx'(False), expected='yaboiplappers'
2026-05-08 20:25:05,794 INFO ✗ NOT creator 'disc.nix': name='disc.nix'(False), global='ɢᴇɴɪx'(False), display='ɢᴇɴɪx'(False), expected='yaboiplappers'
2026-05-08 20:25:05,794 INFO ✗ NOT mother 'disc.nix': name='disc.nix'(False), global='ɢᴇɴɪx'(False), expected='elindy'
2026-05-08 20:25:06,437 INFO ✗ NOT creator 'disc.nix': name='disc.nix'(False), global='ɢᴇɴɪx'(False), display='ɢᴇɴɪx'(False), expected='yaboiplappers'
2026-05-08 20:25:06,437 INFO ✗ NOT creator 'disc.nix': name='disc.nix'(False), global='ɢᴇɴɪx'(False), display='ɢᴇɴɪx'(False), expected='yaboiplappers'
2026-05-08 20:25:06,438 INFO ✗ NOT mother 'disc.nix': name='disc.nix'(False), global='ɢᴇɴɪx'(False), expected='elindy'
2026-05-08 20:25:07,109 INFO ✗ NOT creator 'disc.nix': name='disc.nix'(False), global='ɢᴇɴɪx'(False), display='ɢᴇɴɪx'(False), expected='yaboiplappers'
2026-05-08 20:25:07,109 INFO ✗ NOT creator 'disc.nix': name='disc.nix'(False), global='ɢᴇɴɪx'(False), display='ɢᴇɴɪx'(False), expected='yaboiplappers'
2026-05-08 20:25:07,110 INFO ✗ NOT mother 'disc.nix': name='disc.nix'(False), global='ɢᴇɴɪx'(False), expected='elindy'
2026-05-08 20:25:07,756 INFO ✗ NOT creator 'disc.nix': name='disc.nix'(False), global='ɢᴇɴɪx'(False), display='ɢᴇɴɪx'(False), expected='yaboiplappers'
2026-05-08 20:25:07,756 INFO ✗ NOT creator 'disc.nix': name='disc.nix'(False), global='ɢᴇɴɪx'(False), display='ɢᴇɴɪx'(False), expected='yaboiplappers'
2026-05-08 20:25:07,756 INFO ✗ NOT mother 'disc.nix': name='disc.nix'(False), global='ɢᴇɴɪx'(False), expected='elindy'
2026-05-08 20:25:08,382 INFO ✗ NOT creator 'disc.nix': name='disc.nix'(False), global='ɢᴇɴɪx'(False), display='ɢᴇɴɪx'(False), expected='yaboiplappers'
2026-05-08 20:25:08,382 INFO ✗ NOT creator 'disc.nix': name='disc.nix'(False), global='ɢᴇɴɪx'(False), display='ɢᴇɴɪx'(False), expected='yaboiplappers'
2026-05-08 20:25:08,382 INFO ✗ NOT mother 'disc.nix': name='disc.nix'(False), global='ɢᴇɴɪx'(False), expected='elindy'
2026-05-08 20:25:09,027 INFO ✗ NOT creator 'disc.nix': name='disc.nix'(False), global='ɢᴇɴɪx'(False), display='ɢᴇɴɪx'(False), expected='yaboiplappers'
2026-05-08 20:25:09,028 INFO ✗ NOT creator 'disc.nix': name='disc.nix'(False), global='ɢᴇɴɪx'(False), display='ɢᴇɴɪx'(False), expected='yaboiplappers'
2026-05-08 20:25:09,028 INFO ✗ NOT mother 'disc.nix': name='disc.nix'(False), global='ɢᴇɴɪx'(False), expected='elindy'
2026-05-08 20:25:09,614 INFO ✗ NOT creator 'disc.nix': name='disc.nix'(False), global='ɢᴇɴɪx'(False), display='ɢᴇɴɪx'(False), expected='yaboiplappers'
2026-05-08 20:25:09,614 INFO ✗ NOT creator 'disc.nix': name='disc.nix'(False), global='ɢᴇɴɪx'(False), display='ɢᴇɴɪx'(False), expected='yaboiplappers'
2026-05-08 20:25:09,614 INFO ✗ NOT mother 'disc.nix': name='disc.nix'(False), global='ɢᴇɴɪx'(False), expected='elindy'
2026-05-08 20:25:10,097 INFO ✗ NOT creator 'disc.nix': name='disc.nix'(False), global='ɢᴇɴɪx'(False), display='ɢᴇɴɪx'(False), expected='yaboiplappers'
2026-05-08 20:25:10,097 INFO ✗ NOT creator 'disc.nix': name='disc.nix'(False), global='ɢᴇɴɪx'(False), display='ɢᴇɴɪx'(False), expected='yaboiplappers'
2026-05-08 20:25:10,097 INFO ✗ NOT mother 'disc.nix': name='disc.nix'(False), global='ɢᴇɴɪx'(False), expected='elindy'
2026-05-08 20:25:10,719 INFO ✗ NOT creator 'disc.nix': name='disc.nix'(False), global='ɢᴇɴɪx'(False), display='ɢᴇɴɪx'(False), expected='yaboiplappers'
2026-05-08 20:25:10,719 INFO ✗ NOT creator 'disc.nix': name='disc.nix'(False), global='ɢᴇɴɪx'(False), display='ɢᴇɴɪx'(False), expected='yaboiplappers'
2026-05-08 20:25:10,719 INFO ✗ NOT mother 'disc.nix': name='disc.nix'(False), global='ɢᴇɴɪx'(False), expected='elindy'
2026-05-08 20:25:11,572 INFO ✗ NOT creator 'disc.nix': name='disc.nix'(False), global='ɢᴇɴɪx'(False), display='ɢᴇɴɪx'(False), expected='yaboiplappers'
2026-05-08 20:25:11,572 INFO ✗ NOT creator 'disc.nix': name='disc.nix'(False), global='ɢᴇɴɪx'(False), display='ɢᴇɴɪx'(False), expected='yaboiplappers'
2026-05-08 20:25:11,572 INFO ✗ NOT mother 'disc.nix': name='disc.nix'(False), global='ɢᴇɴɪx'(False), expected='elindy'
2026-05-08 20:25:12,183 INFO ✗ NOT creator 'disc.nix': name='disc.nix'(False), global='ɢᴇɴɪx'(False), display='ɢᴇɴɪx'(False), expected='yaboiplappers'
2026-05-08 20:25:12,183 INFO ✗ NOT creator 'disc.nix': name='disc.nix'(False), global='ɢᴇɴɪx'(False), display='ɢᴇɴɪx'(False), expected='yaboiplappers'
2026-05-08 20:25:12,183 INFO ✗ NOT mother 'disc.nix': name='disc.nix'(False), global='ɢᴇɴɪx'(False), expected='elindy'
2026-05-08 20:25:12,937 INFO ✗ NOT creator 'disc.nix': name='disc.nix'(False), global='ɢᴇɴɪx'(False), display='ɢᴇɴɪx'(False), expected='yaboiplappers'
2026-05-08 20:25:12,938 INFO ✗ NOT creator 'disc.nix': name='disc.nix'(False), global='ɢᴇɴɪx'(False), display='ɢᴇɴɪx'(False), expected='yaboiplappers'
2026-05-08 20:25:12,938 INFO ✗ NOT mother 'disc.nix': name='disc.nix'(False), global='ɢᴇɴɪx'(False), expected='elindy'
2026-05-08 20:25:13,704 INFO ✗ NOT creator 'disc.nix': name='disc.nix'(False), global='ɢᴇɴɪx'(False), display='ɢᴇɴɪx'(False), expected='yaboiplappers'
2026-05-08 20:25:13,704 INFO ✗ NOT creator 'disc.nix': name='disc.nix'(False), global='ɢᴇɴɪx'(False), display='ɢᴇɴɪx'(False), expected='yaboiplappers'
2026-05-08 20:25:13,704 INFO ✗ NOT mother 'disc.nix': name='disc.nix'(False), global='ɢᴇɴɪx'(False), expected='elindy'
2026-05-08 20:25:24,365 INFO ✗ NOT creator 'disc.nix': name='disc.nix'(False), global='ɢᴇɴɪx'(False), display='ɢᴇɴɪx'(False), expected='yaboiplappers'
2026-05-08 20:25:24,365 INFO ✗ NOT creator 'disc.nix': name='disc.nix'(False), global='ɢᴇɴɪx'(False), display='ɢᴇɴɪx'(False), expected='yaboiplappers'
2026-05-08 20:25:24,365 INFO ✗ NOT mother 'disc.nix': name='disc.nix'(False), global='ɢᴇɴɪx'(False), expected='elindy'
2026-05-08 20:25:34,222 INFO ✗ NOT creator 'jhyata1388': name='jhyata1388'(False), global='Jhyata'(False), display='Troy'(False), expected='yaboiplappers'
2026-05-08 20:25:34,222 INFO ✗ NOT creator 'jhyata1388': name='jhyata1388'(False), global='Jhyata'(False), display='Troy'(False), expected='yaboiplappers'
2026-05-08 20:25:34,222 INFO ✗ NOT mother 'jhyata1388': name='jhyata1388'(False), global='Jhyata'(False), expected='elindy'
2026-05-08 20:25:51,243 INFO ✗ NOT creator 'disc.nix': name='disc.nix'(False), global='ɢᴇɴɪx'(False), display='ɢᴇɴɪx'(False), expected='yaboiplappers'
2026-05-08 20:25:51,243 INFO ✗ NOT creator 'disc.nix': name='disc.nix'(False), global='ɢᴇɴɪx'(False), display='ɢᴇɴɪx'(False), expected='yaboiplappers'
2026-05-08 20:25:51,243 INFO ✗ NOT mother 'disc.nix': name='disc.nix'(False), global='ɢᴇɴɪx'(False), expected='elindy'
2026-05-08 20:26:13,607 INFO ✗ NOT creator 'disc.nix': name='disc.nix'(False), global='ɢᴇɴɪx'(False), display='ɢᴇɴɪx'(False), expected='yaboiplappers'
2026-05-08 20:26:13,607 INFO ✗ NOT creator 'disc.nix': name='disc.nix'(False), global='ɢᴇɴɪx'(False), display='ɢᴇɴɪx'(False), expected='yaboiplappers'
2026-05-08 20:26:13,607 INFO ✗ NOT mother 'disc.nix': name='disc.nix'(False), global='ɢᴇɴɪx'(False), expected='elindy'
2026-05-08 20:26:46,336 INFO ✗ NOT creator 'disc.nix': name='disc.nix'(False), global='ɢᴇɴɪx'(False), display='ɢᴇɴɪx'(False), expected='yaboiplappers'
2026-05-08 20:26:46,336 INFO ✗ NOT creator 'disc.nix': name='disc.nix'(False), global='ɢᴇɴɪx'(False), display='ɢᴇɴɪx'(False), expected='yaboiplappers'
2026-05-08 20:26:46,336 INFO ✗ NOT mother 'disc.nix': name='disc.nix'(False), global='ɢᴇɴɪx'(False), expected='elindy'
2026-05-08 20:27:17,848 INFO ✗ NOT creator 'disc.nix': name='disc.nix'(False), global='ɢᴇɴɪx'(False), display='ɢᴇɴɪx'(False), expected='yaboiplappers'
2026-05-08 20:27:17,848 INFO ✗ NOT creator 'disc.nix': name='disc.nix'(False), global='ɢᴇɴɪx'(False), display='ɢᴇɴɪx'(False), expected='yaboiplappers'
2026-05-08 20:27:17,848 INFO ✗ NOT mother 'disc.nix': name='disc.nix'(False), global='ɢᴇɴɪx'(False), expected='elindy'
2026-05-08 20:27:33,739 INFO ✗ NOT creator 'disc.nix': name='disc.nix'(False), global='ɢᴇɴɪx'(False), display='ɢᴇɴɪx'(False), expected='yaboiplappers'
2026-05-08 20:27:33,739 INFO ✗ NOT creator 'disc.nix': name='disc.nix'(False), global='ɢᴇɴɪx'(False), display='ɢᴇɴɪx'(False), expected='yaboiplappers'
2026-05-08 20:27:33,739 INFO ✗ NOT mother 'disc.nix': name='disc.nix'(False), global='ɢᴇɴɪx'(False), expected='elindy'
2026-05-08 20:27:48,539 INFO ✗ NOT creator 'jhyata1388': name='jhyata1388'(False), global='Jhyata'(False), display='Troy'(False), expected='yaboiplappers'
2026-05-08 20:27:48,539 INFO ✗ NOT creator 'jhyata1388': name='jhyata1388'(False), global='Jhyata'(False), display='Troy'(False), expected='yaboiplappers'
2026-05-08 20:27:48,539 INFO ✗ NOT mother 'jhyata1388': name='jhyata1388'(False), global='Jhyata'(False), expected='elindy'
2026-05-08 20:27:48,693 INFO ✗ NOT creator 'nanasoda': name='nanasoda'(False), global='nana'(False), display='○ˋ  w  ˊ○'(False), expected='yaboiplappers'
2026-05-08 20:27:48,693 INFO ✗ NOT creator 'nanasoda': name='nanasoda'(False), global='nana'(False), display='○ˋ  w  ˊ○'(False), expected='yaboiplappers'
2026-05-08 20:27:48,693 INFO ✗ NOT mother 'nanasoda': name='nanasoda'(False), global='nana'(False), expected='elindy'
2026-05-08 20:27:56,027 INFO ✗ NOT creator 'voidstalker24': name='voidstalker24'(False), global='Voidstalker24'(False), display='Raven'(False), expected='yaboiplappers'
2026-05-08 20:27:56,027 INFO ✗ NOT creator 'voidstalker24': name='voidstalker24'(False), global='Voidstalker24'(False), display='Raven'(False), expected='yaboiplappers'
2026-05-08 20:27:56,028 INFO ✗ NOT mother 'voidstalker24': name='voidstalker24'(False), global='Voidstalker24'(False), expected='elindy'
2026-05-08 20:28:18,894 INFO ✗ NOT creator 'disc.nix': name='disc.nix'(False), global='ɢᴇɴɪx'(False), display='ɢᴇɴɪx'(False), expected='yaboiplappers'
2026-05-08 20:28:18,895 INFO ✗ NOT creator 'disc.nix': name='disc.nix'(False), global='ɢᴇɴɪx'(False), display='ɢᴇɴɪx'(False), expected='yaboiplappers'
2026-05-08 20:28:18,895 INFO ✗ NOT mother 'disc.nix': name='disc.nix'(False), global='ɢᴇɴɪx'(False), expected='elindy'
2026-05-08 20:28:23,633 INFO ✗ NOT creator 'disc.nix': name='disc.nix'(False), global='ɢᴇɴɪx'(False), display='ɢᴇɴɪx'(False), expected='yaboiplappers'
2026-05-08 20:28:23,633 INFO ✗ NOT creator 'disc.nix': name='disc.nix'(False), global='ɢᴇɴɪx'(False), display='ɢᴇɴɪx'(False), expected='yaboiplappers'
2026-05-08 20:28:23,633 INFO ✗ NOT mother 'disc.nix': name='disc.nix'(False), global='ɢᴇɴɪx'(False), expected='elindy'
2026-05-08 20:28:31,528 INFO ✗ NOT creator 'invertedrodent': name='invertedrodent'(False), global='Inverted Rodent'(False), display='Eliyah'(False), expected='yaboiplappers'
2026-05-08 20:28:31,528 INFO ✗ NOT creator 'invertedrodent': name='invertedrodent'(False), global='Inverted Rodent'(False), display='Eliyah'(False), expected='yaboiplappers'
2026-05-08 20:28:31,528 INFO ✗ NOT mother 'invertedrodent': name='invertedrodent'(False), global='Inverted Rodent'(False), expected='elindy'
2026-05-08 20:28:31,725 INFO ✗ NOT creator 'disc.nix': name='disc.nix'(False), global='ɢᴇɴɪx'(False), display='ɢᴇɴɪx'(False), expected='yaboiplappers'
2026-05-08 20:28:31,725 INFO ✗ NOT creator 'disc.nix': name='disc.nix'(False), global='ɢᴇɴɪx'(False), display='ɢᴇɴɪx'(False), expected='yaboiplappers'
2026-05-08 20:28:31,725 INFO ✗ NOT mother 'disc.nix': name='disc.nix'(False), global='ɢᴇɴɪx'(False), expected='elindy'
2026-05-08 20:28:46,744 INFO ✗ NOT creator 'invertedrodent': name='invertedrodent'(False), global='Inverted Rodent'(False), display='Eliyah'(False), expected='yaboiplappers'
2026-05-08 20:28:46,744 INFO ✗ NOT creator 'invertedrodent': name='invertedrodent'(False), global='Inverted Rodent'(False), display='Eliyah'(False), expected='yaboiplappers'
2026-05-08 20:28:46,744 INFO ✗ NOT mother 'invertedrodent': name='invertedrodent'(False), global='Inverted Rodent'(False), expected='elindy'
2026-05-08 20:29:00,103 INFO ✗ NOT creator 'voidstalker24': name='voidstalker24'(False), global='Voidstalker24'(False), display='Raven'(False), expected='yaboiplappers'
2026-05-08 20:29:00,103 INFO ✗ NOT creator 'voidstalker24': name='voidstalker24'(False), global='Voidstalker24'(False), display='Raven'(False), expected='yaboiplappers'
2026-05-08 20:29:00,103 INFO ✗ NOT mother 'voidstalker24': name='voidstalker24'(False), global='Voidstalker24'(False), expected='elindy'
2026-05-08 20:29:06,503 INFO ✗ NOT creator 'disc.nix': name='disc.nix'(False), global='ɢᴇɴɪx'(False), display='ɢᴇɴɪx'(False), expected='yaboiplappers'
2026-05-08 20:29:06,503 INFO ✗ NOT creator 'disc.nix': name='disc.nix'(False), global='ɢᴇɴɪx'(False), display='ɢᴇɴɪx'(False), expected='yaboiplappers'
2026-05-08 20:29:06,505 INFO ✗ NOT mother 'disc.nix': name='disc.nix'(False), global='ɢᴇɴɪx'(False), expected='elindy'
2026-05-08 20:29:24,922 INFO ✗ NOT creator 'disc.nix': name='disc.nix'(False), global='ɢᴇɴɪx'(False), display='ɢᴇɴɪx'(False), expected='yaboiplappers'
2026-05-08 20:29:24,923 INFO ✗ NOT creator 'disc.nix': name='disc.nix'(False), global='ɢᴇɴɪx'(False), display='ɢᴇɴɪx'(False), expected='yaboiplappers'
2026-05-08 20:29:24,923 INFO ✗ NOT mother 'disc.nix': name='disc.nix'(False), global='ɢᴇɴɪx'(False), expected='elindy'
2026-05-08 20:29:44,141 INFO ✗ NOT creator 'invertedrodent': name='invertedrodent'(False), global='Inverted Rodent'(False), display='Eliyah'(False), expected='yaboiplappers'
2026-05-08 20:29:44,141 INFO ✗ NOT creator 'invertedrodent': name='invertedrodent'(False), global='Inverted Rodent'(False), display='Eliyah'(False), expected='yaboiplappers'
2026-05-08 20:29:44,141 INFO ✗ NOT mother 'invertedrodent': name='invertedrodent'(False), global='Inverted Rodent'(False), expected='elindy'
2026-05-08 20:30:00,176 INFO ✗ NOT creator 'invertedrodent': name='invertedrodent'(False), global='Inverted Rodent'(False), display='Eliyah'(False), expected='yaboiplappers'
2026-05-08 20:30:00,176 INFO ✗ NOT creator 'invertedrodent': name='invertedrodent'(False), global='Inverted Rodent'(False), display='Eliyah'(False), expected='yaboiplappers'
2026-05-08 20:30:00,176 INFO ✗ NOT mother 'invertedrodent': name='invertedrodent'(False), global='Inverted Rodent'(False), expected='elindy'
2026-05-08 20:30:01,588 INFO ✗ NOT creator 'kaie69': name='kaie69'(False), global='Kaié'(False), display='Kaié'(False), expected='yaboiplappers'
2026-05-08 20:30:01,589 INFO ✗ NOT creator 'kaie69': name='kaie69'(False), global='Kaié'(False), display='Kaié'(False), expected='yaboiplappers'
2026-05-08 20:30:01,589 INFO ✗ NOT mother 'kaie69': name='kaie69'(False), global='Kaié'(False), expected='elindy'
2026-05-08 20:30:05,973 INFO ✗ NOT creator 'disc.nix': name='disc.nix'(False), global='ɢᴇɴɪx'(False), display='ɢᴇɴɪx'(False), expected='yaboiplappers'
2026-05-08 20:30:05,973 INFO ✗ NOT creator 'disc.nix': name='disc.nix'(False), global='ɢᴇɴɪx'(False), display='ɢᴇɴɪx'(False), expected='yaboiplappers'
2026-05-08 20:30:05,974 INFO ✗ NOT mother 'disc.nix': name='disc.nix'(False), global='ɢᴇɴɪx'(False), expected='elindy'
2026-05-08 20:30:15,197 INFO ✗ NOT creator 'voidstalker24': name='voidstalker24'(False), global='Voidstalker24'(False), display='Raven'(False), expected='yaboiplappers'
2026-05-08 20:30:15,197 INFO ✗ NOT creator 'voidstalker24': name='voidstalker24'(False), global='Voidstalker24'(False), display='Raven'(False), expected='yaboiplappers'
2026-05-08 20:30:15,197 INFO ✗ NOT mother 'voidstalker24': name='voidstalker24'(False), global='Voidstalker24'(False), expected='elindy'
2026-05-08 20:30:16,179 INFO ✓ CREATOR detected via name: 'yaboiplappers' == 'yaboiplappers'
2026-05-08 20:30:16,179 INFO ✓ CREATOR detected via name: 'yaboiplappers' == 'yaboiplappers'
2026-05-08 20:30:16,179 INFO ✓ CREATOR detected via name: 'yaboiplappers' == 'yaboiplappers'
2026-05-08 20:30:19,157 INFO ✗ NOT creator 'invertedrodent': name='invertedrodent'(False), global='Inverted Rodent'(False), display='Eliyah'(False), expected='yaboiplappers'
2026-05-08 20:30:19,157 INFO ✗ NOT creator 'invertedrodent': name='invertedrodent'(False), global='Inverted Rodent'(False), display='Eliyah'(False), expected='yaboiplappers'
2026-05-08 20:30:19,157 INFO ✗ NOT mother 'invertedrodent': name='invertedrodent'(False), global='Inverted Rodent'(False), expected='elindy'
2026-05-08 20:30:23,924 INFO ✗ NOT creator 'voidstalker24': name='voidstalker24'(False), global='Voidstalker24'(False), display='Raven'(False), expected='yaboiplappers'
2026-05-08 20:30:23,924 INFO ✗ NOT creator 'voidstalker24': name='voidstalker24'(False), global='Voidstalker24'(False), display='Raven'(False), expected='yaboiplappers'
2026-05-08 20:30:23,924 INFO ✗ NOT mother 'voidstalker24': name='voidstalker24'(False), global='Voidstalker24'(False), expected='elindy'
2026-05-08 20:30:24,443 INFO ✗ NOT creator 'invertedrodent': name='invertedrodent'(False), global='Inverted Rodent'(False), display='Eliyah'(False), expected='yaboiplappers'
2026-05-08 20:30:24,443 INFO ✗ NOT creator 'invertedrodent': name='invertedrodent'(False), global='Inverted Rodent'(False), display='Eliyah'(False), expected='yaboiplappers'
2026-05-08 20:30:24,443 INFO ✗ NOT mother 'invertedrodent': name='invertedrodent'(False), global='Inverted Rodent'(False), expected='elindy'
2026-05-08 20:30:35,553 INFO ✗ NOT creator 'voidstalker24': name='voidstalker24'(False), global='Voidstalker24'(False), display='Raven'(False), expected='yaboiplappers'
2026-05-08 20:30:35,553 INFO ✗ NOT creator 'voidstalker24': name='voidstalker24'(False), global='Voidstalker24'(False), display='Raven'(False), expected='yaboiplappers'
2026-05-08 20:30:35,553 INFO ✗ NOT mother 'voidstalker24': name='voidstalker24'(False), global='Voidstalker24'(False), expected='elindy'
2026-05-08 20:30:35,694 INFO ✗ NOT creator 'dressperado': name='dressperado'(False), global='dressperado'(False), display='Matthew'(False), expected='yaboiplappers'
2026-05-08 20:30:35,694 INFO ✗ NOT creator 'dressperado': name='dressperado'(False), global='dressperado'(False), display='Matthew'(False), expected='yaboiplappers'
2026-05-08 20:30:35,694 INFO ✗ NOT mother 'dressperado': name='dressperado'(False), global='dressperado'(False), expected='elindy'
2026-05-08 20:30:37,571 INFO ✗ NOT creator 'invertedrodent': name='invertedrodent'(False), global='Inverted Rodent'(False), display='Eliyah'(False), expected='yaboiplappers'
2026-05-08 20:30:37,571 INFO ✗ NOT creator 'invertedrodent': name='invertedrodent'(False), global='Inverted Rodent'(False), display='Eliyah'(False), expected='yaboiplappers'
2026-05-08 20:30:37,571 INFO ✗ NOT mother 'invertedrodent': name='invertedrodent'(False), global='Inverted Rodent'(False), expected='elindy'
2026-05-08 20:30:38,717 INFO ✗ NOT creator 'jhyata1388': name='jhyata1388'(False), global='Jhyata'(False), display='Troy'(False), expected='yaboiplappers'
2026-05-08 20:30:38,717 INFO ✗ NOT creator 'jhyata1388': name='jhyata1388'(False), global='Jhyata'(False), display='Troy'(False), expected='yaboiplappers'
2026-05-08 20:30:38,717 INFO ✗ NOT mother 'jhyata1388': name='jhyata1388'(False), global='Jhyata'(False), expected='elindy'
2026-05-08 20:30:53,204 INFO ✗ NOT creator 'disc.nix': name='disc.nix'(False), global='ɢᴇɴɪx'(False), display='ɢᴇɴɪx'(False), expected='yaboiplappers'
2026-05-08 20:30:53,204 INFO ✗ NOT creator 'disc.nix': name='disc.nix'(False), global='ɢᴇɴɪx'(False), display='ɢᴇɴɪx'(False), expected='yaboiplappers'
2026-05-08 20:30:53,204 INFO ✗ NOT mother 'disc.nix': name='disc.nix'(False), global='ɢᴇɴɪx'(False), expected='elindy'
2026-05-08 20:30:57,478 INFO ✗ NOT creator 'voidstalker24': name='voidstalker24'(False), global='Voidstalker24'(False), display='Raven'(False), expected='yaboiplappers'
2026-05-08 20:30:57,478 INFO ✗ NOT creator 'voidstalker24': name='voidstalker24'(False), global='Voidstalker24'(False), display='Raven'(False), expected='yaboiplappers'
2026-05-08 20:30:57,478 INFO ✗ NOT mother 'voidstalker24': name='voidstalker24'(False), global='Voidstalker24'(False), expected='elindy'
2026-05-08 20:30:58,402 INFO ✗ NOT creator 'voidstalker24': name='voidstalker24'(False), global='Voidstalker24'(False), display='Raven'(False), expected='yaboiplappers'
2026-05-08 20:30:58,402 INFO ✗ NOT creator 'voidstalker24': name='voidstalker24'(False), global='Voidstalker24'(False), display='Raven'(False), expected='yaboiplappers'
2026-05-08 20:30:58,402 INFO ✗ NOT mother 'voidstalker24': name='voidstalker24'(False), global='Voidstalker24'(False), expected='elindy'
2026-05-08 20:31:00,258 INFO ✗ NOT creator 'disc.nix': name='disc.nix'(False), global='ɢᴇɴɪx'(False), display='ɢᴇɴɪx'(False), expected='yaboiplappers'
2026-05-08 20:31:00,258 INFO ✗ NOT creator 'disc.nix': name='disc.nix'(False), global='ɢᴇɴɪx'(False), display='ɢᴇɴɪx'(False), expected='yaboiplappers'
2026-05-08 20:31:00,258 INFO ✗ NOT mother 'disc.nix': name='disc.nix'(False), global='ɢᴇɴɪx'(False), expected='elindy'
2026-05-08 20:31:02,017 INFO ✗ NOT creator 'jhyata1388': name='jhyata1388'(False), global='Jhyata'(False), display='Troy'(False), expected='yaboiplappers'
2026-05-08 20:31:02,017 INFO ✗ NOT creator 'jhyata1388': name='jhyata1388'(False), global='Jhyata'(False), display='Troy'(False), expected='yaboiplappers'
2026-05-08 20:31:02,017 INFO ✗ NOT mother 'jhyata1388': name='jhyata1388'(False), global='Jhyata'(False), expected='elindy'
2026-05-08 20:31:26,041 INFO ✗ NOT creator 'invertedrodent': name='invertedrodent'(False), global='Inverted Rodent'(False), display='Eliyah'(False), expected='yaboiplappers'
2026-05-08 20:31:26,041 INFO ✗ NOT creator 'invertedrodent': name='invertedrodent'(False), global='Inverted Rodent'(False), display='Eliyah'(False), expected='yaboiplappers'
2026-05-08 20:31:26,041 INFO ✗ NOT mother 'invertedrodent': name='invertedrodent'(False), global='Inverted Rodent'(False), expected='elindy'
2026-05-08 20:31:32,423 INFO ✗ NOT creator 'invertedrodent': name='invertedrodent'(False), global='Inverted Rodent'(False), display='Eliyah'(False), expected='yaboiplappers'
2026-05-08 20:31:32,423 INFO ✗ NOT creator 'invertedrodent': name='invertedrodent'(False), global='Inverted Rodent'(False), display='Eliyah'(False), expected='yaboiplappers'
2026-05-08 20:31:32,423 INFO ✗ NOT mother 'invertedrodent': name='invertedrodent'(False), global='Inverted Rodent'(False), expected='elindy'
2026-05-08 20:31:50,128 INFO ✗ NOT creator 'invertedrodent': name='invertedrodent'(False), global='Inverted Rodent'(False), display='Eliyah'(False), expected='yaboiplappers'
2026-05-08 20:31:50,128 INFO ✗ NOT creator 'invertedrodent': name='invertedrodent'(False), global='Inverted Rodent'(False), display='Eliyah'(False), expected='yaboiplappers'
2026-05-08 20:31:50,128 INFO ✗ NOT mother 'invertedrodent': name='invertedrodent'(False), global='Inverted Rodent'(False), expected='elindy'
2026-05-08 20:32:26,689 INFO ✗ NOT creator 'voidstalker24': name='voidstalker24'(False), global='Voidstalker24'(False), display='Raven'(False), expected='yaboiplappers'
2026-05-08 20:32:26,689 INFO ✗ NOT creator 'voidstalker24': name='voidstalker24'(False), global='Voidstalker24'(False), display='Raven'(False), expected='yaboiplappers'
2026-05-08 20:32:26,689 INFO ✗ NOT mother 'voidstalker24': name='voidstalker24'(False), global='Voidstalker24'(False), expected='elindy'
2026-05-08 20:32:26,895 INFO ✗ NOT creator 'invertedrodent': name='invertedrodent'(False), global='Inverted Rodent'(False), display='Eliyah'(False), expected='yaboiplappers'
2026-05-08 20:32:26,895 INFO ✗ NOT creator 'invertedrodent': name='invertedrodent'(False), global='Inverted Rodent'(False), display='Eliyah'(False), expected='yaboiplappers'
2026-05-08 20:32:26,895 INFO ✗ NOT mother 'invertedrodent': name='invertedrodent'(False), global='Inverted Rodent'(False), expected='elindy'
2026-05-08 20:32:27,401 INFO ✗ NOT creator 'voidstalker24': name='voidstalker24'(False), global='Voidstalker24'(False), display='Raven'(False), expected='yaboiplappers'
2026-05-08 20:32:27,401 INFO ✗ NOT creator 'voidstalker24': name='voidstalker24'(False), global='Voidstalker24'(False), display='Raven'(False), expected='yaboiplappers'
2026-05-08 20:32:27,401 INFO ✗ NOT mother 'voidstalker24': name='voidstalker24'(False), global='Voidstalker24'(False), expected='elindy'
2026-05-08 20:32:38,893 INFO ✗ NOT creator 'invertedrodent': name='invertedrodent'(False), global='Inverted Rodent'(False), display='Eliyah'(False), expected='yaboiplappers'
2026-05-08 20:32:38,893 INFO ✗ NOT creator 'invertedrodent': name='invertedrodent'(False), global='Inverted Rodent'(False), display='Eliyah'(False), expected='yaboiplappers'
2026-05-08 20:32:38,893 INFO ✗ NOT mother 'invertedrodent': name='invertedrodent'(False), global='Inverted Rodent'(False), expected='elindy'
2026-05-08 20:32:38,900 INFO ✗ NOT creator 'voidstalker24': name='voidstalker24'(False), global='Voidstalker24'(False), display='Raven'(False), expected='yaboiplappers'
2026-05-08 20:32:38,900 INFO ✗ NOT creator 'voidstalker24': name='voidstalker24'(False), global='Voidstalker24'(False), display='Raven'(False), expected='yaboiplappers'
2026-05-08 20:32:38,900 INFO ✗ NOT mother 'voidstalker24': name='voidstalker24'(False), global='Voidstalker24'(False), expected='elindy'
2026-05-08 20:32:44,037 INFO ✗ NOT creator 'disc.nix': name='disc.nix'(False), global='ɢᴇɴɪx'(False), display='ɢᴇɴɪx'(False), expected='yaboiplappers'
2026-05-08 20:32:44,037 INFO ✗ NOT creator 'disc.nix': name='disc.nix'(False), global='ɢᴇɴɪx'(False), display='ɢᴇɴɪx'(False), expected='yaboiplappers'
2026-05-08 20:32:44,037 INFO ✗ NOT mother 'disc.nix': name='disc.nix'(False), global='ɢᴇɴɪx'(False), expected='elindy'
2026-05-08 20:32:49,406 INFO ✗ NOT creator 'invertedrodent': name='invertedrodent'(False), global='Inverted Rodent'(False), display='Eliyah'(False), expected='yaboiplappers'
2026-05-08 20:32:49,406 INFO ✗ NOT creator 'invertedrodent': name='invertedrodent'(False), global='Inverted Rodent'(False), display='Eliyah'(False), expected='yaboiplappers'
2026-05-08 20:32:49,407 INFO ✗ NOT mother 'invertedrodent': name='invertedrodent'(False), global='Inverted Rodent'(False), expected='elindy'
2026-05-08 20:32:51,166 INFO ✗ NOT creator 'disc.nix': name='disc.nix'(False), global='ɢᴇɴɪx'(False), display='ɢᴇɴɪx'(False), expected='yaboiplappers'
2026-05-08 20:32:51,166 INFO ✗ NOT creator 'disc.nix': name='disc.nix'(False), global='ɢᴇɴɪx'(False), display='ɢᴇɴɪx'(False), expected='yaboiplappers'
2026-05-08 20:32:51,166 INFO ✗ NOT mother 'disc.nix': name='disc.nix'(False), global='ɢᴇɴɪx'(False), expected='elindy'
2026-05-08 20:33:06,698 INFO ✗ NOT creator 'voidstalker24': name='voidstalker24'(False), global='Voidstalker24'(False), display='Raven'(False), expected='yaboiplappers'
2026-05-08 20:33:06,698 INFO ✗ NOT creator 'voidstalker24': name='voidstalker24'(False), global='Voidstalker24'(False), display='Raven'(False), expected='yaboiplappers'
2026-05-08 20:33:06,698 INFO ✗ NOT mother 'voidstalker24': name='voidstalker24'(False), global='Voidstalker24'(False), expected='elindy'
2026-05-08 20:33:11,817 INFO ✗ NOT creator 'voidstalker24': name='voidstalker24'(False), global='Voidstalker24'(False), display='Raven'(False), expected='yaboiplappers'
2026-05-08 20:33:11,817 INFO ✗ NOT creator 'voidstalker24': name='voidstalker24'(False), global='Voidstalker24'(False), display='Raven'(False), expected='yaboiplappers'
2026-05-08 20:33:11,817 INFO ✗ NOT mother 'voidstalker24': name='voidstalker24'(False), global='Voidstalker24'(False), expected='elindy'
2026-05-08 20:33:14,445 INFO ✗ NOT creator 'voidstalker24': name='voidstalker24'(False), global='Voidstalker24'(False), display='Raven'(False), expected='yaboiplappers'
2026-05-08 20:33:14,445 INFO ✗ NOT creator 'voidstalker24': name='voidstalker24'(False), global='Voidstalker24'(False), display='Raven'(False), expected='yaboiplappers'
2026-05-08 20:33:14,445 INFO ✗ NOT mother 'voidstalker24': name='voidstalker24'(False), global='Voidstalker24'(False), expected='elindy'
2026-05-08 20:33:17,029 INFO ✗ NOT creator 'invertedrodent': name='invertedrodent'(False), global='Inverted Rodent'(False), display='Eliyah'(False), expected='yaboiplappers'
2026-05-08 20:33:17,029 INFO ✗ NOT creator 'invertedrodent': name='invertedrodent'(False), global='Inverted Rodent'(False), display='Eliyah'(False), expected='yaboiplappers'
2026-05-08 20:33:17,029 INFO ✗ NOT mother 'invertedrodent': name='invertedrodent'(False), global='Inverted Rodent'(False), expected='elindy'
2026-05-08 20:33:31,114 INFO ✗ NOT creator 'disc.nix': name='disc.nix'(False), global='ɢᴇɴɪx'(False), display='ɢᴇɴɪx'(False), expected='yaboiplappers'
2026-05-08 20:33:31,114 INFO ✗ NOT creator 'disc.nix': name='disc.nix'(False), global='ɢᴇɴɪx'(False), display='ɢᴇɴɪx'(False), expected='yaboiplappers'
2026-05-08 20:33:31,114 INFO ✗ NOT mother 'disc.nix': name='disc.nix'(False), global='ɢᴇɴɪx'(False), expected='elindy'
2026-05-08 20:33:31,772 INFO ✗ NOT creator 'invertedrodent': name='invertedrodent'(False), global='Inverted Rodent'(False), display='Eliyah'(False), expected='yaboiplappers'
2026-05-08 20:33:31,772 INFO ✗ NOT creator 'invertedrodent': name='invertedrodent'(False), global='Inverted Rodent'(False), display='Eliyah'(False), expected='yaboiplappers'
2026-05-08 20:33:31,772 INFO ✗ NOT mother 'invertedrodent': name='invertedrodent'(False), global='Inverted Rodent'(False), expected='elindy'
2026-05-08 20:33:37,872 INFO ✗ NOT creator 'elindy': name='elindy'(False), global='🌹𝐸𝓁𝒾𝓃𝒹𝓎'(False), display='🌹𝐸𝓁𝒾𝓃𝒹𝓎'(False), expected='yaboiplappers'
2026-05-08 20:33:37,872 INFO ✗ NOT creator 'elindy': name='elindy'(False), global='🌹𝐸𝓁𝒾𝓃𝒹𝓎'(False), display='🌹𝐸𝓁𝒾𝓃𝒹𝓎'(False), expected='yaboiplappers'
2026-05-08 20:33:37,872 INFO ✓ MOTHER detected via name: 'elindy' == 'elindy'
2026-05-08 20:33:37,872 INFO ✗ NOT creator 'elindy': name='elindy'(False), global='🌹𝐸𝓁𝒾𝓃𝒹𝓎'(False), display='🌹𝐸𝓁𝒾𝓃𝒹𝓎'(False), expected='yaboiplappers'
2026-05-08 20:33:37,872 INFO ✗ NOT creator 'elindy': name='elindy'(False), global='🌹𝐸𝓁𝒾𝓃𝒹𝓎'(False), display='🌹𝐸𝓁𝒾𝓃𝒹𝓎'(False), expected='yaboiplappers'
2026-05-08 20:33:37,872 INFO ✓ MOTHER detected via name: 'elindy' == 'elindy'
2026-05-08 20:33:43,352 INFO ✗ NOT creator 'voidstalker24': name='voidstalker24'(False), global='Voidstalker24'(False), display='Raven'(False), expected='yaboiplappers'
2026-05-08 20:33:43,353 INFO ✗ NOT creator 'voidstalker24': name='voidstalker24'(False), global='Voidstalker24'(False), display='Raven'(False), expected='yaboiplappers'
2026-05-08 20:33:43,353 INFO ✗ NOT mother 'voidstalker24': name='voidstalker24'(False), global='Voidstalker24'(False), expected='elindy'
2026-05-08 20:33:48,289 INFO ✗ NOT creator 'invertedrodent': name='invertedrodent'(False), global='Inverted Rodent'(False), display='Eliyah'(False), expected='yaboiplappers'
2026-05-08 20:33:48,289 INFO ✗ NOT creator 'invertedrodent': name='invertedrodent'(False), global='Inverted Rodent'(False), display='Eliyah'(False), expected='yaboiplappers'
2026-05-08 20:33:48,289 INFO ✗ NOT mother 'invertedrodent': name='invertedrodent'(False), global='Inverted Rodent'(False), expected='elindy'
2026-05-08 20:33:48,691 INFO ✗ NOT creator 'voidstalker24': name='voidstalker24'(False), global='Voidstalker24'(False), display='Raven'(False), expected='yaboiplappers'
2026-05-08 20:33:48,691 INFO ✗ NOT creator 'voidstalker24': name='voidstalker24'(False), global='Voidstalker24'(False), display='Raven'(False), expected='yaboiplappers'
2026-05-08 20:33:48,691 INFO ✗ NOT mother 'voidstalker24': name='voidstalker24'(False), global='Voidstalker24'(False), expected='elindy'
2026-05-08 20:33:55,491 INFO ✗ NOT creator 'disc.nix': name='disc.nix'(False), global='ɢᴇɴɪx'(False), display='ɢᴇɴɪx'(False), expected='yaboiplappers'
2026-05-08 20:33:55,491 INFO ✗ NOT creator 'disc.nix': name='disc.nix'(False), global='ɢᴇɴɪx'(False), display='ɢᴇɴɪx'(False), expected='yaboiplappers'
2026-05-08 20:33:55,491 INFO ✗ NOT mother 'disc.nix': name='disc.nix'(False), global='ɢᴇɴɪx'(False), expected='elindy'
2026-05-08 20:33:57,419 INFO ✗ NOT creator 'disc.nix': name='disc.nix'(False), global='ɢᴇɴɪx'(False), display='ɢᴇɴɪx'(False), expected='yaboiplappers'
2026-05-08 20:33:57,419 INFO ✗ NOT creator 'disc.nix': name='disc.nix'(False), global='ɢᴇɴɪx'(False), display='ɢᴇɴɪx'(False), expected='yaboiplappers'
2026-05-08 20:33:57,419 INFO ✗ NOT mother 'disc.nix': name='disc.nix'(False), global='ɢᴇɴɪx'(False), expected='elindy'
2026-05-08 20:34:02,936 INFO ✗ NOT creator 'invertedrodent': name='invertedrodent'(False), global='Inverted Rodent'(False), display='Eliyah'(False), expected='yaboiplappers'
2026-05-08 20:34:02,936 INFO ✗ NOT creator 'invertedrodent': name='invertedrodent'(False), global='Inverted Rodent'(False), display='Eliyah'(False), expected='yaboiplappers'
2026-05-08 20:34:02,936 INFO ✗ NOT mother 'invertedrodent': name='invertedrodent'(False), global='Inverted Rodent'(False), expected='elindy'
2026-05-08 20:34:09,971 INFO ✗ NOT creator 'invertedrodent': name='invertedrodent'(False), global='Inverted Rodent'(False), display='Eliyah'(False), expected='yaboiplappers'
2026-05-08 20:34:09,972 INFO ✗ NOT creator 'invertedrodent': name='invertedrodent'(False), global='Inverted Rodent'(False), display='Eliyah'(False), expected='yaboiplappers'
2026-05-08 20:34:09,972 INFO ✗ NOT mother 'invertedrodent': name='invertedrodent'(False), global='Inverted Rodent'(False), expected='elindy'
2026-05-08 20:34:17,150 INFO ✗ NOT creator 'disc.nix': name='disc.nix'(False), global='ɢᴇɴɪx'(False), display='ɢᴇɴɪx'(False), expected='yaboiplappers'
2026-05-08 20:34:17,151 INFO ✗ NOT creator 'disc.nix': name='disc.nix'(False), global='ɢᴇɴɪx'(False), display='ɢᴇɴɪx'(False), expected='yaboiplappers'
2026-05-08 20:34:17,151 INFO ✗ NOT mother 'disc.nix': name='disc.nix'(False), global='ɢᴇɴɪx'(False), expected='elindy'
2026-05-08 20:34:24,772 INFO ✗ NOT creator 'voidstalker24': name='voidstalker24'(False), global='Voidstalker24'(False), display='Raven'(False), expected='yaboiplappers'
2026-05-08 20:34:24,772 INFO ✗ NOT creator 'voidstalker24': name='voidstalker24'(False), global='Voidstalker24'(False), display='Raven'(False), expected='yaboiplappers'
2026-05-08 20:34:24,773 INFO ✗ NOT mother 'voidstalker24': name='voidstalker24'(False), global='Voidstalker24'(False), expected='elindy'
2026-05-08 20:34:29,311 INFO ✗ NOT creator 'invertedrodent': name='invertedrodent'(False), global='Inverted Rodent'(False), display='Eliyah'(False), expected='yaboiplappers'
2026-05-08 20:34:29,311 INFO ✗ NOT creator 'invertedrodent': name='invertedrodent'(False), global='Inverted Rodent'(False), display='Eliyah'(False), expected='yaboiplappers'
2026-05-08 20:34:29,311 INFO ✗ NOT mother 'invertedrodent': name='invertedrodent'(False), global='Inverted Rodent'(False), expected='elindy'
2026-05-08 20:34:30,018 INFO ✗ NOT creator 'voidstalker24': name='voidstalker24'(False), global='Voidstalker24'(False), display='Raven'(False), expected='yaboiplappers'
2026-05-08 20:34:30,018 INFO ✗ NOT creator 'voidstalker24': name='voidstalker24'(False), global='Voidstalker24'(False), display='Raven'(False), expected='yaboiplappers'
2026-05-08 20:34:30,018 INFO ✗ NOT mother 'voidstalker24': name='voidstalker24'(False), global='Voidstalker24'(False), expected='elindy'
2026-05-08 20:34:36,092 INFO ✗ NOT creator 'invertedrodent': name='invertedrodent'(False), global='Inverted Rodent'(False), display='Eliyah'(False), expected='yaboiplappers'
2026-05-08 20:34:36,092 INFO ✗ NOT creator 'invertedrodent': name='invertedrodent'(False), global='Inverted Rodent'(False), display='Eliyah'(False), expected='yaboiplappers'
2026-05-08 20:34:36,092 INFO ✗ NOT mother 'invertedrodent': name='invertedrodent'(False), global='Inverted Rodent'(False), expected='elindy'
2026-05-08 20:35:04,313 INFO ✗ NOT creator 'disc.nix': name='disc.nix'(False), global='ɢᴇɴɪx'(False), display='ɢᴇɴɪx'(False), expected='yaboiplappers'
2026-05-08 20:35:04,313 INFO ✗ NOT creator 'disc.nix': name='disc.nix'(False), global='ɢᴇɴɪx'(False), display='ɢᴇɴɪx'(False), expected='yaboiplappers'
2026-05-08 20:35:04,313 INFO ✗ NOT mother 'disc.nix': name='disc.nix'(False), global='ɢᴇɴɪx'(False), expected='elindy'
2026-05-08 20:35:42,417 INFO ✗ NOT creator 'jhyata1388': name='jhyata1388'(False), global='Jhyata'(False), display='Troy'(False), expected='yaboiplappers'
2026-05-08 20:35:42,417 INFO ✗ NOT creator 'jhyata1388': name='jhyata1388'(False), global='Jhyata'(False), display='Troy'(False), expected='yaboiplappers'
2026-05-08 20:35:42,417 INFO ✗ NOT mother 'jhyata1388': name='jhyata1388'(False), global='Jhyata'(False), expected='elindy'
2026-05-08 20:36:01,352 INFO ✗ NOT creator 'elindy': name='elindy'(False), global='🌹𝐸𝓁𝒾𝓃𝒹𝓎'(False), display='🌹𝐸𝓁𝒾𝓃𝒹𝓎'(False), expected='yaboiplappers'
2026-05-08 20:36:01,352 INFO ✗ NOT creator 'elindy': name='elindy'(False), global='🌹𝐸𝓁𝒾𝓃𝒹𝓎'(False), display='🌹𝐸𝓁𝒾𝓃𝒹𝓎'(False), expected='yaboiplappers'
2026-05-08 20:36:01,352 INFO ✓ MOTHER detected via name: 'elindy' == 'elindy'
2026-05-08 20:36:01,352 INFO ✗ NOT creator 'elindy': name='elindy'(False), global='🌹𝐸𝓁𝒾𝓃𝒹𝓎'(False), display='🌹𝐸𝓁𝒾𝓃𝒹𝓎'(False), expected='yaboiplappers'
2026-05-08 20:36:01,352 INFO ✗ NOT creator 'elindy': name='elindy'(False), global='🌹𝐸𝓁𝒾𝓃𝒹𝓎'(False), display='🌹𝐸𝓁𝒾𝓃𝒹𝓎'(False), expected='yaboiplappers'
2026-05-08 20:36:01,352 INFO ✓ MOTHER detected via name: 'elindy' == 'elindy'
2026-05-08 20:36:03,842 INFO ✗ NOT creator 'invertedrodent': name='invertedrodent'(False), global='Inverted Rodent'(False), display='Eliyah'(False), expected='yaboiplappers'
2026-05-08 20:36:03,842 INFO ✗ NOT creator 'invertedrodent': name='invertedrodent'(False), global='Inverted Rodent'(False), display='Eliyah'(False), expected='yaboiplappers'
2026-05-08 20:36:03,842 INFO ✗ NOT mother 'invertedrodent': name='invertedrodent'(False), global='Inverted Rodent'(False), expected='elindy'
2026-05-08 20:36:20,617 INFO ✗ NOT creator 'disc.nix': name='disc.nix'(False), global='ɢᴇɴɪx'(False), display='ɢᴇɴɪx'(False), expected='yaboiplappers'
2026-05-08 20:36:20,617 INFO ✗ NOT creator 'disc.nix': name='disc.nix'(False), global='ɢᴇɴɪx'(False), display='ɢᴇɴɪx'(False), expected='yaboiplappers'
2026-05-08 20:36:20,617 INFO ✗ NOT mother 'disc.nix': name='disc.nix'(False), global='ɢᴇɴɪx'(False), expected='elindy'
2026-05-08 20:36:35,715 INFO ✗ NOT creator 'invertedrodent': name='invertedrodent'(False), global='Inverted Rodent'(False), display='Eliyah'(False), expected='yaboiplappers'
2026-05-08 20:36:35,716 INFO ✗ NOT creator 'invertedrodent': name='invertedrodent'(False), global='Inverted Rodent'(False), display='Eliyah'(False), expected='yaboiplappers'
2026-05-08 20:36:35,716 INFO ✗ NOT mother 'invertedrodent': name='invertedrodent'(False), global='Inverted Rodent'(False), expected='elindy'
2026-05-08 20:36:45,746 INFO ✗ NOT creator 'jhyata1388': name='jhyata1388'(False), global='Jhyata'(False), display='Troy'(False), expected='yaboiplappers'
2026-05-08 20:36:45,746 INFO ✗ NOT creator 'jhyata1388': name='jhyata1388'(False), global='Jhyata'(False), display='Troy'(False), expected='yaboiplappers'
2026-05-08 20:36:45,747 INFO ✗ NOT mother 'jhyata1388': name='jhyata1388'(False), global='Jhyata'(False), expected='elindy'
2026-05-08 20:36:56,618 INFO ✗ NOT creator 'disc.nix': name='disc.nix'(False), global='ɢᴇɴɪx'(False), display='ɢᴇɴɪx'(False), expected='yaboiplappers'
2026-05-08 20:36:56,618 INFO ✗ NOT creator 'disc.nix': name='disc.nix'(False), global='ɢᴇɴɪx'(False), display='ɢᴇɴɪx'(False), expected='yaboiplappers'
2026-05-08 20:36:56,618 INFO ✗ NOT mother 'disc.nix': name='disc.nix'(False), global='ɢᴇɴɪx'(False), expected='elindy'
2026-05-08 20:37:26,194 INFO ✗ NOT creator 'invertedrodent': name='invertedrodent'(False), global='Inverted Rodent'(False), display='Eliyah'(False), expected='yaboiplappers'
2026-05-08 20:37:26,194 INFO ✗ NOT creator 'invertedrodent': name='invertedrodent'(False), global='Inverted Rodent'(False), display='Eliyah'(False), expected='yaboiplappers'
2026-05-08 20:37:26,194 INFO ✗ NOT mother 'invertedrodent': name='invertedrodent'(False), global='Inverted Rodent'(False), expected='elindy'
2026-05-08 20:37:54,584 INFO ✗ NOT creator 'weebuszillas': name='weebuszillas'(False), global='Weebus'(False), display='Louis'(False), expected='yaboiplappers'
2026-05-08 20:37:54,584 INFO ✗ NOT creator 'weebuszillas': name='weebuszillas'(False), global='Weebus'(False), display='Louis'(False), expected='yaboiplappers'
2026-05-08 20:37:54,584 INFO ✗ NOT mother 'weebuszillas': name='weebuszillas'(False), global='Weebus'(False), expected='elindy'
2026-05-08 20:37:58,217 INFO ✗ NOT creator 'jhyata1388': name='jhyata1388'(False), global='Jhyata'(False), display='Troy'(False), expected='yaboiplappers'
2026-05-08 20:37:58,217 INFO ✗ NOT creator 'jhyata1388': name='jhyata1388'(False), global='Jhyata'(False), display='Troy'(False), expected='yaboiplappers'
2026-05-08 20:37:58,217 INFO ✗ NOT mother 'jhyata1388': name='jhyata1388'(False), global='Jhyata'(False), expected='elindy'
2026-05-08 20:38:11,286 INFO ✗ NOT creator 'jhyata1388': name='jhyata1388'(False), global='Jhyata'(False), display='Troy'(False), expected='yaboiplappers'
2026-05-08 20:38:11,286 INFO ✗ NOT creator 'jhyata1388': name='jhyata1388'(False), global='Jhyata'(False), display='Troy'(False), expected='yaboiplappers'
2026-05-08 20:38:11,287 INFO ✗ NOT mother 'jhyata1388': name='jhyata1388'(False), global='Jhyata'(False), expected='elindy'
2026-05-08 20:38:15,360 INFO ✗ NOT creator 'invertedrodent': name='invertedrodent'(False), global='Inverted Rodent'(False), display='Eliyah'(False), expected='yaboiplappers'
2026-05-08 20:38:15,360 INFO ✗ NOT creator 'invertedrodent': name='invertedrodent'(False), global='Inverted Rodent'(False), display='Eliyah'(False), expected='yaboiplappers'
2026-05-08 20:38:15,361 INFO ✗ NOT mother 'invertedrodent': name='invertedrodent'(False), global='Inverted Rodent'(False), expected='elindy'
2026-05-08 20:38:20,356 INFO ✗ NOT creator 'invertedrodent': name='invertedrodent'(False), global='Inverted Rodent'(False), display='Eliyah'(False), expected='yaboiplappers'
2026-05-08 20:38:20,356 INFO ✗ NOT creator 'invertedrodent': name='invertedrodent'(False), global='Inverted Rodent'(False), display='Eliyah'(False), expected='yaboiplappers'
2026-05-08 20:38:20,357 INFO ✗ NOT mother 'invertedrodent': name='invertedrodent'(False), global='Inverted Rodent'(False), expected='elindy'
2026-05-08 20:38:20,918 INFO ✗ NOT creator 'disc.nix': name='disc.nix'(False), global='ɢᴇɴɪx'(False), display='ɢᴇɴɪx'(False), expected='yaboiplappers'
2026-05-08 20:38:20,918 INFO ✗ NOT creator 'disc.nix': name='disc.nix'(False), global='ɢᴇɴɪx'(False), display='ɢᴇɴɪx'(False), expected='yaboiplappers'
2026-05-08 20:38:20,918 INFO ✗ NOT mother 'disc.nix': name='disc.nix'(False), global='ɢᴇɴɪx'(False), expected='elindy'
2026-05-08 20:38:26,293 INFO ✗ NOT creator 'weebuszillas': name='weebuszillas'(False), global='Weebus'(False), display='Louis'(False), expected='yaboiplappers'
2026-05-08 20:38:26,293 INFO ✗ NOT creator 'weebuszillas': name='weebuszillas'(False), global='Weebus'(False), display='Louis'(False), expected='yaboiplappers'
2026-05-08 20:38:26,293 INFO ✗ NOT mother 'weebuszillas': name='weebuszillas'(False), global='Weebus'(False), expected='elindy'
2026-05-08 20:38:26,437 INFO ✗ NOT creator 'disc.nix': name='disc.nix'(False), global='ɢᴇɴɪx'(False), display='ɢᴇɴɪx'(False), expected='yaboiplappers'
2026-05-08 20:38:26,437 INFO ✗ NOT creator 'disc.nix': name='disc.nix'(False), global='ɢᴇɴɪx'(False), display='ɢᴇɴɪx'(False), expected='yaboiplappers'
2026-05-08 20:38:26,437 INFO ✗ NOT mother 'disc.nix': name='disc.nix'(False), global='ɢᴇɴɪx'(False), expected='elindy'
2026-05-08 20:38:30,578 INFO ✗ NOT creator 'weebuszillas': name='weebuszillas'(False), global='Weebus'(False), display='Louis'(False), expected='yaboiplappers'
2026-05-08 20:38:30,579 INFO ✗ NOT creator 'weebuszillas': name='weebuszillas'(False), global='Weebus'(False), display='Louis'(False), expected='yaboiplappers'
2026-05-08 20:38:30,579 INFO ✗ NOT mother 'weebuszillas': name='weebuszillas'(False), global='Weebus'(False), expected='elindy'
2026-05-08 20:38:31,817 INFO ✗ NOT creator 'omega4456': name='omega4456'(False), global='omega'(False), display='Gabriel'(False), expected='yaboiplappers'
2026-05-08 20:38:31,817 INFO ✗ NOT creator 'omega4456': name='omega4456'(False), global='omega'(False), display='Gabriel'(False), expected='yaboiplappers'
2026-05-08 20:38:31,817 INFO ✗ NOT mother 'omega4456': name='omega4456'(False), global='omega'(False), expected='elindy'
2026-05-08 20:38:40,551 INFO ✗ NOT creator 'weebuszillas': name='weebuszillas'(False), global='Weebus'(False), display='Louis'(False), expected='yaboiplappers'
2026-05-08 20:38:40,551 INFO ✗ NOT creator 'weebuszillas': name='weebuszillas'(False), global='Weebus'(False), display='Louis'(False), expected='yaboiplappers'
2026-05-08 20:38:40,551 INFO ✗ NOT mother 'weebuszillas': name='weebuszillas'(False), global='Weebus'(False), expected='elindy'
2026-05-08 20:38:41,790 INFO ✗ NOT creator 'disc.nix': name='disc.nix'(False), global='ɢᴇɴɪx'(False), display='ɢᴇɴɪx'(False), expected='yaboiplappers'
2026-05-08 20:38:41,790 INFO ✗ NOT creator 'disc.nix': name='disc.nix'(False), global='ɢᴇɴɪx'(False), display='ɢᴇɴɪx'(False), expected='yaboiplappers'
2026-05-08 20:38:41,790 INFO ✗ NOT mother 'disc.nix': name='disc.nix'(False), global='ɢᴇɴɪx'(False), expected='elindy'
2026-05-08 20:38:56,646 INFO ✗ NOT creator 'weebuszillas': name='weebuszillas'(False), global='Weebus'(False), display='Louis'(False), expected='yaboiplappers'
2026-05-08 20:38:56,646 INFO ✗ NOT creator 'weebuszillas': name='weebuszillas'(False), global='Weebus'(False), display='Louis'(False), expected='yaboiplappers'
2026-05-08 20:38:56,646 INFO ✗ NOT mother 'weebuszillas': name='weebuszillas'(False), global='Weebus'(False), expected='elindy'
2026-05-08 20:39:38,940 INFO ✗ NOT creator 'disc.nix': name='disc.nix'(False), global='ɢᴇɴɪx'(False), display='ɢᴇɴɪx'(False), expected='yaboiplappers'
2026-05-08 20:39:38,940 INFO ✗ NOT creator 'disc.nix': name='disc.nix'(False), global='ɢᴇɴɪx'(False), display='ɢᴇɴɪx'(False), expected='yaboiplappers'
2026-05-08 20:39:38,940 INFO ✗ NOT mother 'disc.nix': name='disc.nix'(False), global='ɢᴇɴɪx'(False), expected='elindy'
2026-05-08 20:40:07,464 INFO ✗ NOT creator 'disc.nix': name='disc.nix'(False), global='ɢᴇɴɪx'(False), display='ɢᴇɴɪx'(False), expected='yaboiplappers'
2026-05-08 20:40:07,464 INFO ✗ NOT creator 'disc.nix': name='disc.nix'(False), global='ɢᴇɴɪx'(False), display='ɢᴇɴɪx'(False), expected='yaboiplappers'
2026-05-08 20:40:07,464 INFO ✗ NOT mother 'disc.nix': name='disc.nix'(False), global='ɢᴇɴɪx'(False), expected='elindy'
2026-05-08 20:40:16,973 INFO ✗ NOT creator 'jhyata1388': name='jhyata1388'(False), global='Jhyata'(False), display='Troy'(False), expected='yaboiplappers'
2026-05-08 20:40:16,973 INFO ✗ NOT creator 'jhyata1388': name='jhyata1388'(False), global='Jhyata'(False), display='Troy'(False), expected='yaboiplappers'
2026-05-08 20:40:16,973 INFO ✗ NOT mother 'jhyata1388': name='jhyata1388'(False), global='Jhyata'(False), expected='elindy'
2026-05-08 20:40:18,671 INFO ✗ NOT creator 'jhyata1388': name='jhyata1388'(False), global='Jhyata'(False), display='Troy'(False), expected='yaboiplappers'
2026-05-08 20:40:18,671 INFO ✗ NOT creator 'jhyata1388': name='jhyata1388'(False), global='Jhyata'(False), display='Troy'(False), expected='yaboiplappers'
2026-05-08 20:40:18,671 INFO ✗ NOT mother 'jhyata1388': name='jhyata1388'(False), global='Jhyata'(False), expected='elindy'
2026-05-08 20:40:41,343 INFO ✓ CREATOR detected via name: 'yaboiplappers' == 'yaboiplappers'
2026-05-08 20:40:41,343 INFO ✓ CREATOR detected via name: 'yaboiplappers' == 'yaboiplappers'
2026-05-08 20:40:41,343 INFO ✓ CREATOR detected via name: 'yaboiplappers' == 'yaboiplappers'
2026-05-08 20:40:41,386 INFO ✗ NOT creator 'invertedrodent': name='invertedrodent'(False), global='Inverted Rodent'(False), display='Eliyah'(False), expected='yaboiplappers'
2026-05-08 20:40:41,386 INFO ✗ NOT creator 'invertedrodent': name='invertedrodent'(False), global='Inverted Rodent'(False), display='Eliyah'(False), expected='yaboiplappers'
2026-05-08 20:40:41,386 INFO ✗ NOT mother 'invertedrodent': name='invertedrodent'(False), global='Inverted Rodent'(False), expected='elindy'
2026-05-08 20:40:48,254 INFO ✗ NOT creator 'invertedrodent': name='invertedrodent'(False), global='Inverted Rodent'(False), display='Eliyah'(False), expected='yaboiplappers'
2026-05-08 20:40:48,254 INFO ✗ NOT creator 'invertedrodent': name='invertedrodent'(False), global='Inverted Rodent'(False), display='Eliyah'(False), expected='yaboiplappers'
2026-05-08 20:40:48,254 INFO ✗ NOT mother 'invertedrodent': name='invertedrodent'(False), global='Inverted Rodent'(False), expected='elindy'
2026-05-08 20:41:29,414 INFO ✓ CREATOR detected via name: 'yaboiplappers' == 'yaboiplappers'
2026-05-08 20:41:29,414 INFO ✓ CREATOR detected via name: 'yaboiplappers' == 'yaboiplappers'
2026-05-08 20:41:29,414 INFO ✓ CREATOR detected via name: 'yaboiplappers' == 'yaboiplappers'
2026-05-08 20:41:44,075 INFO ✗ NOT creator 'vbunn_': name='vbunn_'(False), global='serenxity_'(False), display="rian a. richard's lovergirl"(False), expected='yaboiplappers'
2026-05-08 20:41:44,075 INFO ✗ NOT creator 'vbunn_': name='vbunn_'(False), global='serenxity_'(False), display="rian a. richard's lovergirl"(False), expected='yaboiplappers'
2026-05-08 20:41:44,075 INFO ✗ NOT mother 'vbunn_': name='vbunn_'(False), global='serenxity_'(False), expected='elindy'
2026-05-08 20:41:59,486 INFO ✗ NOT creator 'vbunn_': name='vbunn_'(False), global='serenxity_'(False), display="rian a. richard's lovergirl"(False), expected='yaboiplappers'
2026-05-08 20:41:59,487 INFO ✗ NOT creator 'vbunn_': name='vbunn_'(False), global='serenxity_'(False), display="rian a. richard's lovergirl"(False), expected='yaboiplappers'
2026-05-08 20:41:59,487 INFO ✗ NOT mother 'vbunn_': name='vbunn_'(False), global='serenxity_'(False), expected='elindy'
2026-05-08 20:42:09,273 INFO ✗ NOT creator 'vbunn_': name='vbunn_'(False), global='serenxity_'(False), display="rian a. richard's lovergirl"(False), expected='yaboiplappers'
2026-05-08 20:42:09,274 INFO ✗ NOT creator 'vbunn_': name='vbunn_'(False), global='serenxity_'(False), display="rian a. richard's lovergirl"(False), expected='yaboiplappers'
2026-05-08 20:42:09,274 INFO ✗ NOT mother 'vbunn_': name='vbunn_'(False), global='serenxity_'(False), expected='elindy'
2026-05-08 20:42:24,633 INFO ✗ NOT creator 'vbunn_': name='vbunn_'(False), global='serenxity_'(False), display="rian a. richard's lovergirl"(False), expected='yaboiplappers'
2026-05-08 20:42:24,633 INFO ✗ NOT creator 'vbunn_': name='vbunn_'(False), global='serenxity_'(False), display="rian a. richard's lovergirl"(False), expected='yaboiplappers'
2026-05-08 20:42:24,633 INFO ✗ NOT mother 'vbunn_': name='vbunn_'(False), global='serenxity_'(False), expected='elindy'
2026-05-08 20:43:13,171 INFO ✗ NOT creator 'jhyata1388': name='jhyata1388'(False), global='Jhyata'(False), display='Troy'(False), expected='yaboiplappers'
2026-05-08 20:43:13,172 INFO ✗ NOT creator 'jhyata1388': name='jhyata1388'(False), global='Jhyata'(False), display='Troy'(False), expected='yaboiplappers'
2026-05-08 20:43:13,172 INFO ✗ NOT mother 'jhyata1388': name='jhyata1388'(False), global='Jhyata'(False), expected='elindy'
2026-05-08 20:43:18,884 INFO ✗ NOT creator 'jhyata1388': name='jhyata1388'(False), global='Jhyata'(False), display='Troy'(False), expected='yaboiplappers'
2026-05-08 20:43:18,884 INFO ✗ NOT creator 'jhyata1388': name='jhyata1388'(False), global='Jhyata'(False), display='Troy'(False), expected='yaboiplappers'
2026-05-08 20:43:18,884 INFO ✗ NOT mother 'jhyata1388': name='jhyata1388'(False), global='Jhyata'(False), expected='elindy'
2026-05-08 20:43:41,550 INFO ✗ NOT creator 'invertedrodent': name='invertedrodent'(False), global='Inverted Rodent'(False), display='Eliyah'(False), expected='yaboiplappers'
2026-05-08 20:43:41,551 INFO ✗ NOT creator 'invertedrodent': name='invertedrodent'(False), global='Inverted Rodent'(False), display='Eliyah'(False), expected='yaboiplappers'
2026-05-08 20:43:41,551 INFO ✗ NOT mother 'invertedrodent': name='invertedrodent'(False), global='Inverted Rodent'(False), expected='elindy'
2026-05-08 20:43:45,257 INFO ✗ NOT creator 'weebuszillas': name='weebuszillas'(False), global='Weebus'(False), display='Louis'(False), expected='yaboiplappers'
2026-05-08 20:43:45,257 INFO ✗ NOT creator 'weebuszillas': name='weebuszillas'(False), global='Weebus'(False), display='Louis'(False), expected='yaboiplappers'
2026-05-08 20:43:45,257 INFO ✗ NOT mother 'weebuszillas': name='weebuszillas'(False), global='Weebus'(False), expected='elindy'
2026-05-08 20:43:48,263 INFO ✗ NOT creator 'vbunn_': name='vbunn_'(False), global='serenxity_'(False), display="rian a. richard's lovergirl"(False), expected='yaboiplappers'
2026-05-08 20:43:48,264 INFO ✗ NOT creator 'vbunn_': name='vbunn_'(False), global='serenxity_'(False), display="rian a. richard's lovergirl"(False), expected='yaboiplappers'
2026-05-08 20:43:48,264 INFO ✗ NOT mother 'vbunn_': name='vbunn_'(False), global='serenxity_'(False), expected='elindy'
2026-05-08 20:43:54,468 INFO ✗ NOT creator 'weebuszillas': name='weebuszillas'(False), global='Weebus'(False), display='Louis'(False), expected='yaboiplappers'
2026-05-08 20:43:54,468 INFO ✗ NOT creator 'weebuszillas': name='weebuszillas'(False), global='Weebus'(False), display='Louis'(False), expected='yaboiplappers'
2026-05-08 20:43:54,468 INFO ✗ NOT mother 'weebuszillas': name='weebuszillas'(False), global='Weebus'(False), expected='elindy'
2026-05-08 20:43:56,556 INFO ✗ NOT creator 'invertedrodent': name='invertedrodent'(False), global='Inverted Rodent'(False), display='Eliyah'(False), expected='yaboiplappers'
2026-05-08 20:43:56,556 INFO ✗ NOT creator 'invertedrodent': name='invertedrodent'(False), global='Inverted Rodent'(False), display='Eliyah'(False), expected='yaboiplappers'
2026-05-08 20:43:56,556 INFO ✗ NOT mother 'invertedrodent': name='invertedrodent'(False), global='Inverted Rodent'(False), expected='elindy'
2026-05-08 20:44:15,937 INFO ✗ NOT creator 'weebuszillas': name='weebuszillas'(False), global='Weebus'(False), display='Louis'(False), expected='yaboiplappers'
2026-05-08 20:44:15,937 INFO ✗ NOT creator 'weebuszillas': name='weebuszillas'(False), global='Weebus'(False), display='Louis'(False), expected='yaboiplappers'
2026-05-08 20:44:15,937 INFO ✗ NOT mother 'weebuszillas': name='weebuszillas'(False), global='Weebus'(False), expected='elindy'
2026-05-08 20:44:36,075 INFO ✗ NOT creator 'weebuszillas': name='weebuszillas'(False), global='Weebus'(False), display='Louis'(False), expected='yaboiplappers'
2026-05-08 20:44:36,075 INFO ✗ NOT creator 'weebuszillas': name='weebuszillas'(False), global='Weebus'(False), display='Louis'(False), expected='yaboiplappers'
2026-05-08 20:44:36,075 INFO ✗ NOT mother 'weebuszillas': name='weebuszillas'(False), global='Weebus'(False), expected='elindy'
2026-05-08 20:49:12,132 INFO ✗ NOT creator 'vbunn_': name='vbunn_'(False), global='serenxity_'(False), display="rian a. richard's lovergirl"(False), expected='yaboiplappers'
2026-05-08 20:49:12,132 INFO ✗ NOT creator 'vbunn_': name='vbunn_'(False), global='serenxity_'(False), display="rian a. richard's lovergirl"(False), expected='yaboiplappers'
2026-05-08 20:49:12,132 INFO ✗ NOT mother 'vbunn_': name='vbunn_'(False), global='serenxity_'(False), expected='elindy'
2026-05-08 20:50:37,887 INFO ✗ NOT creator 'elindy': name='elindy'(False), global='🌹𝐸𝓁𝒾𝓃𝒹𝓎'(False), display='🌹𝐸𝓁𝒾𝓃𝒹𝓎'(False), expected='yaboiplappers'
2026-05-08 20:50:37,887 INFO ✗ NOT creator 'elindy': name='elindy'(False), global='🌹𝐸𝓁𝒾𝓃𝒹𝓎'(False), display='🌹𝐸𝓁𝒾𝓃𝒹𝓎'(False), expected='yaboiplappers'
2026-05-08 20:50:37,887 INFO ✓ MOTHER detected via name: 'elindy' == 'elindy'
2026-05-08 20:50:37,887 INFO ✗ NOT creator 'elindy': name='elindy'(False), global='🌹𝐸𝓁𝒾𝓃𝒹𝓎'(False), display='🌹𝐸𝓁𝒾𝓃𝒹𝓎'(False), expected='yaboiplappers'
2026-05-08 20:50:37,887 INFO ✗ NOT creator 'elindy': name='elindy'(False), global='🌹𝐸𝓁𝒾𝓃𝒹𝓎'(False), display='🌹𝐸𝓁𝒾𝓃𝒹𝓎'(False), expected='yaboiplappers'
2026-05-08 20:50:37,887 INFO ✓ MOTHER detected via name: 'elindy' == 'elindy'
2026-05-08 20:50:46,817 INFO ✗ NOT creator 'elindy': name='elindy'(False), global='🌹𝐸𝓁𝒾𝓃𝒹𝓎'(False), display='🌹𝐸𝓁𝒾𝓃𝒹𝓎'(False), expected='yaboiplappers'
2026-05-08 20:50:46,817 INFO ✗ NOT creator 'elindy': name='elindy'(False), global='🌹𝐸𝓁𝒾𝓃𝒹𝓎'(False), display='🌹𝐸𝓁𝒾𝓃𝒹𝓎'(False), expected='yaboiplappers'
2026-05-08 20:50:46,817 INFO ✓ MOTHER detected via name: 'elindy' == 'elindy'
2026-05-08 20:50:46,817 INFO ✗ NOT creator 'elindy': name='elindy'(False), global='🌹𝐸𝓁𝒾𝓃𝒹𝓎'(False), display='🌹𝐸𝓁𝒾𝓃𝒹𝓎'(False), expected='yaboiplappers'
2026-05-08 20:50:46,817 INFO ✗ NOT creator 'elindy': name='elindy'(False), global='🌹𝐸𝓁𝒾𝓃𝒹𝓎'(False), display='🌹𝐸𝓁𝒾𝓃𝒹𝓎'(False), expected='yaboiplappers'
2026-05-08 20:50:46,817 INFO ✓ MOTHER detected via name: 'elindy' == 'elindy'
2026-05-08 20:51:15,343 INFO ✗ NOT creator 'elindy': name='elindy'(False), global='🌹𝐸𝓁𝒾𝓃𝒹𝓎'(False), display='🌹𝐸𝓁𝒾𝓃𝒹𝓎'(False), expected='yaboiplappers'
2026-05-08 20:51:15,343 INFO ✗ NOT creator 'elindy': name='elindy'(False), global='🌹𝐸𝓁𝒾𝓃𝒹𝓎'(False), display='🌹𝐸𝓁𝒾𝓃𝒹𝓎'(False), expected='yaboiplappers'
2026-05-08 20:51:15,343 INFO ✓ MOTHER detected via name: 'elindy' == 'elindy'
2026-05-08 20:51:15,343 INFO ✗ NOT creator 'elindy': name='elindy'(False), global='🌹𝐸𝓁𝒾𝓃𝒹𝓎'(False), display='🌹𝐸𝓁𝒾𝓃𝒹𝓎'(False), expected='yaboiplappers'
2026-05-08 20:51:15,343 INFO ✗ NOT creator 'elindy': name='elindy'(False), global='🌹𝐸𝓁𝒾𝓃𝒹𝓎'(False), display='🌹𝐸𝓁𝒾𝓃𝒹𝓎'(False), expected='yaboiplappers'
2026-05-08 20:51:15,343 INFO ✓ MOTHER detected via name: 'elindy' == 'elindy'
2026-05-08 20:51:27,588 INFO ✗ NOT creator 'andre012010': name='andre012010'(False), global='Andres'(False), display='Andres'(False), expected='yaboiplappers'
2026-05-08 20:51:27,588 INFO ✗ NOT creator 'andre012010': name='andre012010'(False), global='Andres'(False), display='Andres'(False), expected='yaboiplappers'
2026-05-08 20:51:27,588 INFO ✗ NOT mother 'andre012010': name='andre012010'(False), global='Andres'(False), expected='elindy'
2026-05-08 20:53:15,790 INFO ✗ NOT creator 'vbunn_': name='vbunn_'(False), global='serenxity_'(False), display="rian a. richard's lovergirl"(False), expected='yaboiplappers'
2026-05-08 20:53:15,790 INFO ✗ NOT creator 'vbunn_': name='vbunn_'(False), global='serenxity_'(False), display="rian a. richard's lovergirl"(False), expected='yaboiplappers'
2026-05-08 20:53:15,790 INFO ✗ NOT mother 'vbunn_': name='vbunn_'(False), global='serenxity_'(False), expected='elindy'
2026-05-08 20:54:35,195 INFO ✗ NOT creator 'vbunn_': name='vbunn_'(False), global='serenxity_'(False), display="rian a. richard's lovergirl"(False), expected='yaboiplappers'
2026-05-08 20:54:35,195 INFO ✗ NOT creator 'vbunn_': name='vbunn_'(False), global='serenxity_'(False), display="rian a. richard's lovergirl"(False), expected='yaboiplappers'
2026-05-08 20:54:35,195 INFO ✗ NOT mother 'vbunn_': name='vbunn_'(False), global='serenxity_'(False), expected='elindy'
2026-05-08 20:54:46,743 INFO ✗ NOT creator 'vbunn_': name='vbunn_'(False), global='serenxity_'(False), display="rian a. richard's lovergirl"(False), expected='yaboiplappers'
2026-05-08 20:54:46,743 INFO ✗ NOT creator 'vbunn_': name='vbunn_'(False), global='serenxity_'(False), display="rian a. richard's lovergirl"(False), expected='yaboiplappers'
2026-05-08 20:54:46,743 INFO ✗ NOT mother 'vbunn_': name='vbunn_'(False), global='serenxity_'(False), expected='elindy'
2026-05-08 20:54:55,199 INFO ✗ NOT creator 'haishii': name='haishii'(False), global='Haishii'(False), display='Ibrar Raza'(False), expected='yaboiplappers'
2026-05-08 20:54:55,199 INFO ✗ NOT creator 'haishii': name='haishii'(False), global='Haishii'(False), display='Ibrar Raza'(False), expected='yaboiplappers'
2026-05-08 20:54:55,199 INFO ✗ NOT mother 'haishii': name='haishii'(False), global='Haishii'(False), expected='elindy'
2026-05-08 20:54:57,771 INFO ✗ NOT creator 'haishii': name='haishii'(False), global='Haishii'(False), display='Ibrar Raza'(False), expected='yaboiplappers'
2026-05-08 20:54:57,771 INFO ✗ NOT creator 'haishii': name='haishii'(False), global='Haishii'(False), display='Ibrar Raza'(False), expected='yaboiplappers'
2026-05-08 20:54:57,771 INFO ✗ NOT mother 'haishii': name='haishii'(False), global='Haishii'(False), expected='elindy'
2026-05-08 20:54:58,085 INFO ✗ NOT creator 'andre012010': name='andre012010'(False), global='Andres'(False), display='Andres'(False), expected='yaboiplappers'
2026-05-08 20:54:58,085 INFO ✗ NOT creator 'andre012010': name='andre012010'(False), global='Andres'(False), display='Andres'(False), expected='yaboiplappers'
2026-05-08 20:54:58,085 INFO ✗ NOT mother 'andre012010': name='andre012010'(False), global='Andres'(False), expected='elindy'
2026-05-08 20:55:03,904 INFO ✗ NOT creator 'andre012010': name='andre012010'(False), global='Andres'(False), display='Andres'(False), expected='yaboiplappers'
2026-05-08 20:55:03,904 INFO ✗ NOT creator 'andre012010': name='andre012010'(False), global='Andres'(False), display='Andres'(False), expected='yaboiplappers'
2026-05-08 20:55:03,904 INFO ✗ NOT mother 'andre012010': name='andre012010'(False), global='Andres'(False), expected='elindy'
2026-05-08 20:55:07,744 INFO ✗ NOT creator 'vbunn_': name='vbunn_'(False), global='serenxity_'(False), display="rian a. richard's lovergirl"(False), expected='yaboiplappers'
2026-05-08 20:55:07,744 INFO ✗ NOT creator 'vbunn_': name='vbunn_'(False), global='serenxity_'(False), display="rian a. richard's lovergirl"(False), expected='yaboiplappers'
2026-05-08 20:55:07,744 INFO ✗ NOT mother 'vbunn_': name='vbunn_'(False), global='serenxity_'(False), expected='elindy'
2026-05-08 20:55:08,436 INFO ✗ NOT creator 'elindy': name='elindy'(False), global='🌹𝐸𝓁𝒾𝓃𝒹𝓎'(False), display='🌹𝐸𝓁𝒾𝓃𝒹𝓎'(False), expected='yaboiplappers'
2026-05-08 20:55:08,437 INFO ✗ NOT creator 'elindy': name='elindy'(False), global='🌹𝐸𝓁𝒾𝓃𝒹𝓎'(False), display='🌹𝐸𝓁𝒾𝓃𝒹𝓎'(False), expected='yaboiplappers'
2026-05-08 20:55:08,437 INFO ✓ MOTHER detected via name: 'elindy' == 'elindy'
2026-05-08 20:55:08,437 INFO ✗ NOT creator 'elindy': name='elindy'(False), global='🌹𝐸𝓁𝒾𝓃𝒹𝓎'(False), display='🌹𝐸𝓁𝒾𝓃𝒹𝓎'(False), expected='yaboiplappers'
2026-05-08 20:55:08,437 INFO ✗ NOT creator 'elindy': name='elindy'(False), global='🌹𝐸𝓁𝒾𝓃𝒹𝓎'(False), display='🌹𝐸𝓁𝒾𝓃𝒹𝓎'(False), expected='yaboiplappers'
2026-05-08 20:55:08,437 INFO ✓ MOTHER detected via name: 'elindy' == 'elindy'
2026-05-08 20:55:18,215 INFO ✗ NOT creator 'andre012010': name='andre012010'(False), global='Andres'(False), display='Andres'(False), expected='yaboiplappers'
2026-05-08 20:55:18,215 INFO ✗ NOT creator 'andre012010': name='andre012010'(False), global='Andres'(False), display='Andres'(False), expected='yaboiplappers'
2026-05-08 20:55:18,215 INFO ✗ NOT mother 'andre012010': name='andre012010'(False), global='Andres'(False), expected='elindy'
2026-05-08 20:55:22,682 INFO ✗ NOT creator 'andre012010': name='andre012010'(False), global='Andres'(False), display='Andres'(False), expected='yaboiplappers'
2026-05-08 20:55:22,683 INFO ✗ NOT creator 'andre012010': name='andre012010'(False), global='Andres'(False), display='Andres'(False), expected='yaboiplappers'
2026-05-08 20:55:22,683 INFO ✗ NOT mother 'andre012010': name='andre012010'(False), global='Andres'(False), expected='elindy'
2026-05-08 20:55:29,944 INFO ✗ NOT creator 'elindy': name='elindy'(False), global='🌹𝐸𝓁𝒾𝓃𝒹𝓎'(False), display='🌹𝐸𝓁𝒾𝓃𝒹𝓎'(False), expected='yaboiplappers'
2026-05-08 20:55:29,944 INFO ✗ NOT creator 'elindy': name='elindy'(False), global='🌹𝐸𝓁𝒾𝓃𝒹𝓎'(False), display='🌹𝐸𝓁𝒾𝓃𝒹𝓎'(False), expected='yaboiplappers'
2026-05-08 20:55:29,944 INFO ✓ MOTHER detected via name: 'elindy' == 'elindy'
2026-05-08 20:55:29,945 INFO ✗ NOT creator 'elindy': name='elindy'(False), global='🌹𝐸𝓁𝒾𝓃𝒹𝓎'(False), display='🌹𝐸𝓁𝒾𝓃𝒹𝓎'(False), expected='yaboiplappers'
2026-05-08 20:55:29,945 INFO ✗ NOT creator 'elindy': name='elindy'(False), global='🌹𝐸𝓁𝒾𝓃𝒹𝓎'(False), display='🌹𝐸𝓁𝒾𝓃𝒹𝓎'(False), expected='yaboiplappers'
2026-05-08 20:55:29,945 INFO ✓ MOTHER detected via name: 'elindy' == 'elindy'
2026-05-08 20:55:36,110 INFO ✗ NOT creator 'vbunn_': name='vbunn_'(False), global='serenxity_'(False), display="rian a. richard's lovergirl"(False), expected='yaboiplappers'
2026-05-08 20:55:36,110 INFO ✗ NOT creator 'vbunn_': name='vbunn_'(False), global='serenxity_'(False), display="rian a. richard's lovergirl"(False), expected='yaboiplappers'
2026-05-08 20:55:36,110 INFO ✗ NOT mother 'vbunn_': name='vbunn_'(False), global='serenxity_'(False), expected='elindy'
2026-05-08 20:55:58,729 INFO ✗ NOT creator 'vbunn_': name='vbunn_'(False), global='serenxity_'(False), display="rian a. richard's lovergirl"(False), expected='yaboiplappers'
2026-05-08 20:55:58,729 INFO ✗ NOT creator 'vbunn_': name='vbunn_'(False), global='serenxity_'(False), display="rian a. richard's lovergirl"(False), expected='yaboiplappers'
2026-05-08 20:55:58,729 INFO ✗ NOT mother 'vbunn_': name='vbunn_'(False), global='serenxity_'(False), expected='elindy'
2026-05-08 20:56:12,368 INFO ✗ NOT creator 'elindy': name='elindy'(False), global='🌹𝐸𝓁𝒾𝓃𝒹𝓎'(False), display='🌹𝐸𝓁𝒾𝓃𝒹𝓎'(False), expected='yaboiplappers'
2026-05-08 20:56:12,368 INFO ✗ NOT creator 'elindy': name='elindy'(False), global='🌹𝐸𝓁𝒾𝓃𝒹𝓎'(False), display='🌹𝐸𝓁𝒾𝓃𝒹𝓎'(False), expected='yaboiplappers'
2026-05-08 20:56:12,368 INFO ✓ MOTHER detected via name: 'elindy' == 'elindy'
2026-05-08 20:56:12,368 INFO ✗ NOT creator 'elindy': name='elindy'(False), global='🌹𝐸𝓁𝒾𝓃𝒹𝓎'(False), display='🌹𝐸𝓁𝒾𝓃𝒹𝓎'(False), expected='yaboiplappers'
2026-05-08 20:56:12,368 INFO ✗ NOT creator 'elindy': name='elindy'(False), global='🌹𝐸𝓁𝒾𝓃𝒹𝓎'(False), display='🌹𝐸𝓁𝒾𝓃𝒹𝓎'(False), expected='yaboiplappers'
2026-05-08 20:56:12,368 INFO ✓ MOTHER detected via name: 'elindy' == 'elindy'
2026-05-08 20:56:18,258 INFO ✗ NOT creator 'vbunn_': name='vbunn_'(False), global='serenxity_'(False), display="rian a. richard's lovergirl"(False), expected='yaboiplappers'
2026-05-08 20:56:18,258 INFO ✗ NOT creator 'vbunn_': name='vbunn_'(False), global='serenxity_'(False), display="rian a. richard's lovergirl"(False), expected='yaboiplappers'
2026-05-08 20:56:18,258 INFO ✗ NOT mother 'vbunn_': name='vbunn_'(False), global='serenxity_'(False), expected='elindy'
2026-05-08 20:56:18,757 INFO ✗ NOT creator 'elindy': name='elindy'(False), global='🌹𝐸𝓁𝒾𝓃𝒹𝓎'(False), display='🌹𝐸𝓁𝒾𝓃𝒹𝓎'(False), expected='yaboiplappers'
2026-05-08 20:56:18,757 INFO ✗ NOT creator 'elindy': name='elindy'(False), global='🌹𝐸𝓁𝒾𝓃𝒹𝓎'(False), display='🌹𝐸𝓁𝒾𝓃𝒹𝓎'(False), expected='yaboiplappers'
2026-05-08 20:56:18,757 INFO ✓ MOTHER detected via name: 'elindy' == 'elindy'
2026-05-08 20:56:18,757 INFO ✗ NOT creator 'elindy': name='elindy'(False), global='🌹𝐸𝓁𝒾𝓃𝒹𝓎'(False), display='🌹𝐸𝓁𝒾𝓃𝒹𝓎'(False), expected='yaboiplappers'
2026-05-08 20:56:18,757 INFO ✗ NOT creator 'elindy': name='elindy'(False), global='🌹𝐸𝓁𝒾𝓃𝒹𝓎'(False), display='🌹𝐸𝓁𝒾𝓃𝒹𝓎'(False), expected='yaboiplappers'
2026-05-08 20:56:18,757 INFO ✓ MOTHER detected via name: 'elindy' == 'elindy'
2026-05-08 20:56:27,925 INFO ✗ NOT creator 'vbunn_': name='vbunn_'(False), global='serenxity_'(False), display="rian a. richard's lovergirl"(False), expected='yaboiplappers'
2026-05-08 20:56:27,925 INFO ✗ NOT creator 'vbunn_': name='vbunn_'(False), global='serenxity_'(False), display="rian a. richard's lovergirl"(False), expected='yaboiplappers'
2026-05-08 20:56:27,925 INFO ✗ NOT mother 'vbunn_': name='vbunn_'(False), global='serenxity_'(False), expected='elindy'
2026-05-08 20:56:30,884 INFO ✗ NOT creator 'vbunn_': name='vbunn_'(False), global='serenxity_'(False), display="rian a. richard's lovergirl"(False), expected='yaboiplappers'
2026-05-08 20:56:30,884 INFO ✗ NOT creator 'vbunn_': name='vbunn_'(False), global='serenxity_'(False), display="rian a. richard's lovergirl"(False), expected='yaboiplappers'
2026-05-08 20:56:30,884 INFO ✗ NOT mother 'vbunn_': name='vbunn_'(False), global='serenxity_'(False), expected='elindy'
2026-05-08 20:56:33,469 INFO ✗ NOT creator 'vbunn_': name='vbunn_'(False), global='serenxity_'(False), display="rian a. richard's lovergirl"(False), expected='yaboiplappers'
2026-05-08 20:56:33,469 INFO ✗ NOT creator 'vbunn_': name='vbunn_'(False), global='serenxity_'(False), display="rian a. richard's lovergirl"(False), expected='yaboiplappers'
2026-05-08 20:56:33,469 INFO ✗ NOT mother 'vbunn_': name='vbunn_'(False), global='serenxity_'(False), expected='elindy'
2026-05-08 20:56:39,814 INFO ✗ NOT creator 'elindy': name='elindy'(False), global='🌹𝐸𝓁𝒾𝓃𝒹𝓎'(False), display='🌹𝐸𝓁𝒾𝓃𝒹𝓎'(False), expected='yaboiplappers'
2026-05-08 20:56:39,814 INFO ✗ NOT creator 'elindy': name='elindy'(False), global='🌹𝐸𝓁𝒾𝓃𝒹𝓎'(False), display='🌹𝐸𝓁𝒾𝓃𝒹𝓎'(False), expected='yaboiplappers'
2026-05-08 20:56:39,814 INFO ✓ MOTHER detected via name: 'elindy' == 'elindy'
2026-05-08 20:56:39,814 INFO ✗ NOT creator 'elindy': name='elindy'(False), global='🌹𝐸𝓁𝒾𝓃𝒹𝓎'(False), display='🌹𝐸𝓁𝒾𝓃𝒹𝓎'(False), expected='yaboiplappers'
2026-05-08 20:56:39,815 INFO ✗ NOT creator 'elindy': name='elindy'(False), global='🌹𝐸𝓁𝒾𝓃𝒹𝓎'(False), display='🌹𝐸𝓁𝒾𝓃𝒹𝓎'(False), expected='yaboiplappers'
2026-05-08 20:56:39,815 INFO ✓ MOTHER detected via name: 'elindy' == 'elindy'
2026-05-08 20:56:57,341 INFO ✗ NOT creator 'vbunn_': name='vbunn_'(False), global='serenxity_'(False), display="rian a. richard's lovergirl"(False), expected='yaboiplappers'
2026-05-08 20:56:57,341 INFO ✗ NOT creator 'vbunn_': name='vbunn_'(False), global='serenxity_'(False), display="rian a. richard's lovergirl"(False), expected='yaboiplappers'
2026-05-08 20:56:57,341 INFO ✗ NOT mother 'vbunn_': name='vbunn_'(False), global='serenxity_'(False), expected='elindy'
2026-05-08 20:57:02,746 INFO ✗ NOT creator 'ackquwa': name='ackquwa'(False), global='Ackquwa'(False), display='Ali'(False), expected='yaboiplappers'
2026-05-08 20:57:02,746 INFO ✗ NOT creator 'ackquwa': name='ackquwa'(False), global='Ackquwa'(False), display='Ali'(False), expected='yaboiplappers'
2026-05-08 20:57:02,746 INFO ✗ NOT mother 'ackquwa': name='ackquwa'(False), global='Ackquwa'(False), expected='elindy'
2026-05-08 20:57:18,368 INFO ✗ NOT creator 'ackquwa': name='ackquwa'(False), global='Ackquwa'(False), display='Ali'(False), expected='yaboiplappers'
2026-05-08 20:57:18,368 INFO ✗ NOT creator 'ackquwa': name='ackquwa'(False), global='Ackquwa'(False), display='Ali'(False), expected='yaboiplappers'
2026-05-08 20:57:18,368 INFO ✗ NOT mother 'ackquwa': name='ackquwa'(False), global='Ackquwa'(False), expected='elindy'
2026-05-08 20:57:50,611 INFO ✗ NOT creator 'siniganggaming': name='siniganggaming'(False), global='moon'(False), display='moon'(False), expected='yaboiplappers'
2026-05-08 20:57:50,611 INFO ✗ NOT creator 'siniganggaming': name='siniganggaming'(False), global='moon'(False), display='moon'(False), expected='yaboiplappers'
2026-05-08 20:57:50,611 INFO ✗ NOT mother 'siniganggaming': name='siniganggaming'(False), global='moon'(False), expected='elindy'
2026-05-08 20:57:55,664 INFO ✗ NOT creator 'disc.nix': name='disc.nix'(False), global='ɢᴇɴɪx'(False), display='ɢᴇɴɪx'(False), expected='yaboiplappers'
2026-05-08 20:57:55,664 INFO ✗ NOT creator 'disc.nix': name='disc.nix'(False), global='ɢᴇɴɪx'(False), display='ɢᴇɴɪx'(False), expected='yaboiplappers'
2026-05-08 20:57:55,664 INFO ✗ NOT mother 'disc.nix': name='disc.nix'(False), global='ɢᴇɴɪx'(False), expected='elindy'
2026-05-08 20:58:14,964 INFO ✗ NOT creator 'siniganggaming': name='siniganggaming'(False), global='moon'(False), display='moon'(False), expected='yaboiplappers'
2026-05-08 20:58:14,964 INFO ✗ NOT creator 'siniganggaming': name='siniganggaming'(False), global='moon'(False), display='moon'(False), expected='yaboiplappers'
2026-05-08 20:58:14,964 INFO ✗ NOT mother 'siniganggaming': name='siniganggaming'(False), global='moon'(False), expected='elindy'
2026-05-08 20:58:31,429 INFO ✗ NOT creator 'disc.nix': name='disc.nix'(False), global='ɢᴇɴɪx'(False), display='ɢᴇɴɪx'(False), expected='yaboiplappers'
2026-05-08 20:58:31,431 INFO ✗ NOT creator 'disc.nix': name='disc.nix'(False), global='ɢᴇɴɪx'(False), display='ɢᴇɴɪx'(False), expected='yaboiplappers'
2026-05-08 20:58:31,431 INFO ✗ NOT mother 'disc.nix': name='disc.nix'(False), global='ɢᴇɴɪx'(False), expected='elindy'
2026-05-08 20:59:10,192 INFO ✗ NOT creator 'ackquwa': name='ackquwa'(False), global='Ackquwa'(False), display='Ali'(False), expected='yaboiplappers'
2026-05-08 20:59:10,192 INFO ✗ NOT creator 'ackquwa': name='ackquwa'(False), global='Ackquwa'(False), display='Ali'(False), expected='yaboiplappers'
2026-05-08 20:59:10,192 INFO ✗ NOT mother 'ackquwa': name='ackquwa'(False), global='Ackquwa'(False), expected='elindy'
2026-05-08 20:59:20,369 INFO ✗ NOT creator 'ackquwa': name='ackquwa'(False), global='Ackquwa'(False), display='Ali'(False), expected='yaboiplappers'
2026-05-08 20:59:20,369 INFO ✗ NOT creator 'ackquwa': name='ackquwa'(False), global='Ackquwa'(False), display='Ali'(False), expected='yaboiplappers'
2026-05-08 20:59:20,369 INFO ✗ NOT mother 'ackquwa': name='ackquwa'(False), global='Ackquwa'(False), expected='elindy'
2026-05-08 20:59:20,470 INFO ✗ NOT creator 'disc.nix': name='disc.nix'(False), global='ɢᴇɴɪx'(False), display='ɢᴇɴɪx'(False), expected='yaboiplappers'
2026-05-08 20:59:20,470 INFO ✗ NOT creator 'disc.nix': name='disc.nix'(False), global='ɢᴇɴɪx'(False), display='ɢᴇɴɪx'(False), expected='yaboiplappers'
2026-05-08 20:59:20,470 INFO ✗ NOT mother 'disc.nix': name='disc.nix'(False), global='ɢᴇɴɪx'(False), expected='elindy'
2026-05-08 20:59:25,836 INFO ✗ NOT creator 'disc.nix': name='disc.nix'(False), global='ɢᴇɴɪx'(False), display='ɢᴇɴɪx'(False), expected='yaboiplappers'
2026-05-08 20:59:25,836 INFO ✗ NOT creator 'disc.nix': name='disc.nix'(False), global='ɢᴇɴɪx'(False), display='ɢᴇɴɪx'(False), expected='yaboiplappers'
2026-05-08 20:59:25,836 INFO ✗ NOT mother 'disc.nix': name='disc.nix'(False), global='ɢᴇɴɪx'(False), expected='elindy'
2026-05-08 20:59:31,784 INFO ✗ NOT creator 'siniganggaming': name='siniganggaming'(False), global='moon'(False), display='moon'(False), expected='yaboiplappers'
2026-05-08 20:59:31,784 INFO ✗ NOT creator 'siniganggaming': name='siniganggaming'(False), global='moon'(False), display='moon'(False), expected='yaboiplappers'
2026-05-08 20:59:31,784 INFO ✗ NOT mother 'siniganggaming': name='siniganggaming'(False), global='moon'(False), expected='elindy'
2026-05-08 20:59:38,348 INFO ✗ NOT creator 'disc.nix': name='disc.nix'(False), global='ɢᴇɴɪx'(False), display='ɢᴇɴɪx'(False), expected='yaboiplappers'
2026-05-08 20:59:38,348 INFO ✗ NOT creator 'disc.nix': name='disc.nix'(False), global='ɢᴇɴɪx'(False), display='ɢᴇɴɪx'(False), expected='yaboiplappers'
2026-05-08 20:59:38,348 INFO ✗ NOT mother 'disc.nix': name='disc.nix'(False), global='ɢᴇɴɪx'(False), expected='elindy'
2026-05-08 20:59:46,768 INFO ✗ NOT creator 'siniganggaming': name='siniganggaming'(False), global='moon'(False), display='moon'(False), expected='yaboiplappers'
2026-05-08 20:59:46,768 INFO ✗ NOT creator 'siniganggaming': name='siniganggaming'(False), global='moon'(False), display='moon'(False), expected='yaboiplappers'
2026-05-08 20:59:46,768 INFO ✗ NOT mother 'siniganggaming': name='siniganggaming'(False), global='moon'(False), expected='elindy'
2026-05-08 20:59:48,610 INFO ✗ NOT creator 'siniganggaming': name='siniganggaming'(False), global='moon'(False), display='moon'(False), expected='yaboiplappers'
2026-05-08 20:59:48,610 INFO ✗ NOT creator 'siniganggaming': name='siniganggaming'(False), global='moon'(False), display='moon'(False), expected='yaboiplappers'
2026-05-08 20:59:48,611 INFO ✗ NOT mother 'siniganggaming': name='siniganggaming'(False), global='moon'(False), expected='elindy'
2026-05-08 21:00:12,374 INFO ✗ NOT creator 'siniganggaming': name='siniganggaming'(False), global='moon'(False), display='moon'(False), expected='yaboiplappers'
2026-05-08 21:00:12,374 INFO ✗ NOT creator 'siniganggaming': name='siniganggaming'(False), global='moon'(False), display='moon'(False), expected='yaboiplappers'
2026-05-08 21:00:12,374 INFO ✗ NOT mother 'siniganggaming': name='siniganggaming'(False), global='moon'(False), expected='elindy'
2026-05-08 21:00:55,646 INFO ✗ NOT creator 'ackquwa': name='ackquwa'(False), global='Ackquwa'(False), display='Ali'(False), expected='yaboiplappers'
2026-05-08 21:00:55,646 INFO ✗ NOT creator 'ackquwa': name='ackquwa'(False), global='Ackquwa'(False), display='Ali'(False), expected='yaboiplappers'
2026-05-08 21:00:55,646 INFO ✗ NOT mother 'ackquwa': name='ackquwa'(False), global='Ackquwa'(False), expected='elindy'
2026-05-08 21:02:48,360 INFO ✗ NOT creator 'disc.nix': name='disc.nix'(False), global='ɢᴇɴɪx'(False), display='ɢᴇɴɪx'(False), expected='yaboiplappers'
2026-05-08 21:02:48,361 INFO ✗ NOT creator 'disc.nix': name='disc.nix'(False), global='ɢᴇɴɪx'(False), display='ɢᴇɴɪx'(False), expected='yaboiplappers'
2026-05-08 21:02:48,361 INFO ✗ NOT mother 'disc.nix': name='disc.nix'(False), global='ɢᴇɴɪx'(False), expected='elindy'
2026-05-08 21:02:53,712 INFO ✗ NOT creator 'disc.nix': name='disc.nix'(False), global='ɢᴇɴɪx'(False), display='ɢᴇɴɪx'(False), expected='yaboiplappers'
2026-05-08 21:02:53,712 INFO ✗ NOT creator 'disc.nix': name='disc.nix'(False), global='ɢᴇɴɪx'(False), display='ɢᴇɴɪx'(False), expected='yaboiplappers'
2026-05-08 21:02:53,712 INFO ✗ NOT mother 'disc.nix': name='disc.nix'(False), global='ɢᴇɴɪx'(False), expected='elindy'
2026-05-09 15:10:10,571 INFO Debug log file initialized at C:\Users\samth\OneDrive\Desktop\School Stuff\IncubatorV2\The Digitan Files\bot_debug.log
2026-05-09 15:11:06,151 INFO Debug log file initialized at C:\Users\samth\OneDrive\Desktop\School Stuff\IncubatorV2\The Digitan Files\bot_debug.log
2026-05-09 15:12:33,958 INFO Debug log file initialized at C:\Users\samth\OneDrive\Desktop\School Stuff\IncubatorV2\The Digitan Files\bot_debug.log
2026-05-09 15:12:37,814 INFO on_ready fired for Agnes Digitan#4286 (id=1490021973072412734), guild_count=3
2026-05-09 15:12:37,816 INFO Background tasks started
2026-05-09 15:12:37,816 INFO Commands in bot.tree before sync: 12
2026-05-09 15:12:38,284 INFO Globally synced 12 slash commands
2026-05-09 15:13:00,111 INFO ✓ CREATOR detected via name: 'yaboiplappers' == 'yaboiplappers'
2026-05-09 15:13:00,111 INFO ✓ CREATOR detected via name: 'yaboiplappers' == 'yaboiplappers'
2026-05-09 15:13:00,111 INFO ✓ CREATOR detected via name: 'yaboiplappers' == 'yaboiplappers'
2026-05-09 15:13:12,314 INFO ✓ CREATOR detected via name: 'yaboiplappers' == 'yaboiplappers'
2026-05-09 15:13:12,314 INFO ✓ CREATOR detected via name: 'yaboiplappers' == 'yaboiplappers'
2026-05-09 15:13:12,314 INFO ✓ CREATOR detected via name: 'yaboiplappers' == 'yaboiplappers'
2026-05-09 15:13:51,657 INFO ✓ CREATOR detected via name: 'yaboiplappers' == 'yaboiplappers'
2026-05-09 15:13:51,657 INFO ✓ CREATOR detected via name: 'yaboiplappers' == 'yaboiplappers'
2026-05-09 15:13:51,657 INFO ✓ CREATOR detected via name: 'yaboiplappers' == 'yaboiplappers'
2026-05-09 15:14:50,603 INFO ✗ NOT creator '14thscionoflight': name='14thscionoflight'(False), global='SinningScion'(False), display='SinningScion'(False), expected='yaboiplappers'
2026-05-09 15:14:50,603 INFO ✗ NOT creator '14thscionoflight': name='14thscionoflight'(False), global='SinningScion'(False), display='SinningScion'(False), expected='yaboiplappers'
2026-05-09 15:14:50,603 INFO ✗ NOT mother '14thscionoflight': name='14thscionoflight'(False), global='SinningScion'(False), expected='elindy'
2026-05-09 15:15:09,568 INFO ✗ NOT creator 'vbunn_': name='vbunn_'(False), global='serenxity_'(False), display="rian a. richard's lovergirl"(False), expected='yaboiplappers'
2026-05-09 15:15:09,568 INFO ✗ NOT creator 'vbunn_': name='vbunn_'(False), global='serenxity_'(False), display="rian a. richard's lovergirl"(False), expected='yaboiplappers'
2026-05-09 15:15:09,568 INFO ✗ NOT mother 'vbunn_': name='vbunn_'(False), global='serenxity_'(False), expected='elindy'
2026-05-09 15:15:20,472 INFO ✗ NOT creator '14thscionoflight': name='14thscionoflight'(False), global='SinningScion'(False), display='SinningScion'(False), expected='yaboiplappers'
2026-05-09 15:15:20,472 INFO ✗ NOT creator '14thscionoflight': name='14thscionoflight'(False), global='SinningScion'(False), display='SinningScion'(False), expected='yaboiplappers'
2026-05-09 15:15:20,472 INFO ✗ NOT mother '14thscionoflight': name='14thscionoflight'(False), global='SinningScion'(False), expected='elindy'
2026-05-10 05:51:46,459 INFO Debug log file initialized at C:\Users\samth\OneDrive\Desktop\School Stuff\IncubatorV2\The Digitan Files\bot_debug.log
2026-05-10 05:51:50,249 INFO on_ready fired for Agnes Digitan#4286 (id=1490021973072412734), guild_count=3
2026-05-10 05:51:50,250 INFO Background tasks started
2026-05-10 05:51:50,250 INFO Commands in bot.tree before sync: 12
2026-05-10 05:51:50,622 INFO Globally synced 12 slash commands
2026-05-10 05:52:05,334 INFO ✓ CREATOR detected via name: 'yaboiplappers' == 'yaboiplappers'
2026-05-10 05:52:05,334 INFO ✓ CREATOR detected via name: 'yaboiplappers' == 'yaboiplappers'
2026-05-10 05:52:05,334 INFO ✓ CREATOR detected via name: 'yaboiplappers' == 'yaboiplappers'
2026-05-10 05:52:42,158 INFO ✓ CREATOR detected via name: 'yaboiplappers' == 'yaboiplappers'
2026-05-10 05:52:42,158 INFO ✓ CREATOR detected via name: 'yaboiplappers' == 'yaboiplappers'
2026-05-10 05:52:42,158 INFO ✓ CREATOR detected via name: 'yaboiplappers' == 'yaboiplappers'
2026-05-10 05:52:57,757 INFO ✗ NOT creator 'nanasoda': name='nanasoda'(False), global='nana'(False), display='Keith'(False), expected='yaboiplappers'
2026-05-10 05:52:57,757 INFO ✗ NOT creator 'nanasoda': name='nanasoda'(False), global='nana'(False), display='Keith'(False), expected='yaboiplappers'
2026-05-10 05:52:57,757 INFO ✗ NOT mother 'nanasoda': name='nanasoda'(False), global='nana'(False), expected='elindy'
2026-05-10 05:53:02,585 INFO ✓ CREATOR detected via name: 'yaboiplappers' == 'yaboiplappers'
2026-05-10 05:53:02,585 INFO ✓ CREATOR detected via name: 'yaboiplappers' == 'yaboiplappers'
2026-05-10 05:53:02,585 INFO ✓ CREATOR detected via name: 'yaboiplappers' == 'yaboiplappers'
2026-05-10 05:53:04,009 INFO ✗ NOT creator 'nanasoda': name='nanasoda'(False), global='nana'(False), display='Keith'(False), expected='yaboiplappers'
2026-05-10 05:53:04,010 INFO ✗ NOT creator 'nanasoda': name='nanasoda'(False), global='nana'(False), display='Keith'(False), expected='yaboiplappers'
2026-05-10 05:53:04,010 INFO ✗ NOT mother 'nanasoda': name='nanasoda'(False), global='nana'(False), expected='elindy'
2026-05-10 05:53:10,512 INFO ✓ CREATOR detected via name: 'yaboiplappers' == 'yaboiplappers'
2026-05-10 05:53:10,512 INFO ✓ CREATOR detected via name: 'yaboiplappers' == 'yaboiplappers'
2026-05-10 05:53:10,513 INFO ✓ CREATOR detected via name: 'yaboiplappers' == 'yaboiplappers'
2026-05-10 05:53:45,374 INFO ✓ CREATOR detected via name: 'yaboiplappers' == 'yaboiplappers'
2026-05-10 05:53:45,374 INFO ✓ CREATOR detected via name: 'yaboiplappers' == 'yaboiplappers'
2026-05-10 05:53:45,374 INFO ✓ CREATOR detected via name: 'yaboiplappers' == 'yaboiplappers'
2026-05-10 05:53:59,830 INFO ✗ NOT creator 'nanasoda': name='nanasoda'(False), global='nana'(False), display='Keith'(False), expected='yaboiplappers'
2026-05-10 05:54:08,266 INFO ✓ CREATOR detected via name: 'yaboiplappers' == 'yaboiplappers'
2026-05-10 05:54:08,266 INFO ✓ CREATOR detected via name: 'yaboiplappers' == 'yaboiplappers'
2026-05-10 05:54:08,266 INFO ✓ CREATOR detected via name: 'yaboiplappers' == 'yaboiplappers'
2026-05-10 05:54:55,340 INFO ✓ CREATOR detected via name: 'yaboiplappers' == 'yaboiplappers'
2026-05-10 05:54:55,340 INFO ✓ CREATOR detected via name: 'yaboiplappers' == 'yaboiplappers'
2026-05-10 05:54:55,341 INFO ✓ CREATOR detected via name: 'yaboiplappers' == 'yaboiplappers'
2026-05-10 05:55:13,172 INFO ✓ CREATOR detected via name: 'yaboiplappers' == 'yaboiplappers'
2026-05-10 05:55:13,172 INFO ✓ CREATOR detected via name: 'yaboiplappers' == 'yaboiplappers'
2026-05-10 05:55:13,173 INFO ✓ CREATOR detected via name: 'yaboiplappers' == 'yaboiplappers'
2026-05-10 05:55:31,794 INFO ✗ NOT creator 'mafiasz.': name='mafiasz.'(False), global='Mafia'(False), display='James'(False), expected='yaboiplappers'
2026-05-10 05:55:57,798 INFO ✗ NOT creator 'nanasoda': name='nanasoda'(False), global='nana'(False), display='Keith'(False), expected='yaboiplappers'
2026-05-10 05:55:57,798 INFO ✗ NOT creator 'nanasoda': name='nanasoda'(False), global='nana'(False), display='Keith'(False), expected='yaboiplappers'
2026-05-10 05:55:57,799 INFO ✗ NOT mother 'nanasoda': name='nanasoda'(False), global='nana'(False), expected='elindy'
2026-05-10 05:56:03,469 INFO ✓ CREATOR detected via name: 'yaboiplappers' == 'yaboiplappers'
2026-05-10 05:56:18,605 INFO ✓ CREATOR detected via name: 'yaboiplappers' == 'yaboiplappers'
2026-05-10 05:56:18,605 INFO ✓ CREATOR detected via name: 'yaboiplappers' == 'yaboiplappers'
2026-05-10 05:56:18,605 INFO ✓ CREATOR detected via name: 'yaboiplappers' == 'yaboiplappers'
2026-05-10 05:56:27,378 INFO ✗ NOT creator 'mafiasz.': name='mafiasz.'(False), global='Mafia'(False), display='James'(False), expected='yaboiplappers'
2026-05-10 05:56:27,378 INFO ✗ NOT creator 'mafiasz.': name='mafiasz.'(False), global='Mafia'(False), display='James'(False), expected='yaboiplappers'
2026-05-10 05:56:27,378 INFO ✗ NOT mother 'mafiasz.': name='mafiasz.'(False), global='Mafia'(False), expected='elindy'
2026-05-10 05:56:37,339 INFO ✓ CREATOR detected via name: 'yaboiplappers' == 'yaboiplappers'
2026-05-10 05:56:37,339 INFO ✓ CREATOR detected via name: 'yaboiplappers' == 'yaboiplappers'
2026-05-10 05:56:37,339 INFO ✓ CREATOR detected via name: 'yaboiplappers' == 'yaboiplappers'
2026-05-10 05:57:00,615 INFO ✗ NOT creator 'mafiasz.': name='mafiasz.'(False), global='Mafia'(False), display='James'(False), expected='yaboiplappers'
2026-05-10 05:57:00,615 INFO ✗ NOT creator 'mafiasz.': name='mafiasz.'(False), global='Mafia'(False), display='James'(False), expected='yaboiplappers'
2026-05-10 05:57:00,615 INFO ✗ NOT mother 'mafiasz.': name='mafiasz.'(False), global='Mafia'(False), expected='elindy'
2026-05-10 05:57:02,134 INFO ✗ NOT creator 'kaie69': name='kaie69'(False), global='Kaié'(False), display='Vince'(False), expected='yaboiplappers'
2026-05-10 05:57:02,134 INFO ✗ NOT creator 'kaie69': name='kaie69'(False), global='Kaié'(False), display='Vince'(False), expected='yaboiplappers'
2026-05-10 05:57:02,134 INFO ✗ NOT mother 'kaie69': name='kaie69'(False), global='Kaié'(False), expected='elindy'
2026-05-10 05:57:02,328 INFO ✓ CREATOR detected via name: 'yaboiplappers' == 'yaboiplappers'
2026-05-10 05:57:02,328 INFO ✓ CREATOR detected via name: 'yaboiplappers' == 'yaboiplappers'
2026-05-10 05:57:02,328 INFO ✓ CREATOR detected via name: 'yaboiplappers' == 'yaboiplappers'
2026-05-10 05:57:29,799 INFO ✗ NOT creator 'mafiasz.': name='mafiasz.'(False), global='Mafia'(False), display='James'(False), expected='yaboiplappers'
2026-05-10 05:57:29,800 INFO ✗ NOT creator 'mafiasz.': name='mafiasz.'(False), global='Mafia'(False), display='James'(False), expected='yaboiplappers'
2026-05-10 05:57:29,800 INFO ✗ NOT mother 'mafiasz.': name='mafiasz.'(False), global='Mafia'(False), expected='elindy'
2026-05-10 06:42:46,200 INFO Debug log file initialized at C:\Users\samth\OneDrive\Desktop\School Stuff\IncubatorV2\The Digitan Files\bot_debug.log
2026-05-10 06:42:49,761 INFO on_ready fired for Agnes Digitan#4286 (id=1490021973072412734), guild_count=3
2026-05-10 06:42:49,761 INFO Background tasks started
2026-05-10 06:42:49,761 INFO Commands in bot.tree before sync: 14
2026-05-10 06:42:50,188 INFO Globally synced 14 slash commands
2026-05-10 06:43:27,133 INFO ✗ NOT creator 'disc.nix': name='disc.nix'(False), global='ɢᴇɴɪx'(False), display='ɢᴇɴɪx'(False), expected='yaboiplappers'
2026-05-10 06:43:27,133 INFO ✗ NOT creator 'disc.nix': name='disc.nix'(False), global='ɢᴇɴɪx'(False), display='ɢᴇɴɪx'(False), expected='yaboiplappers'
2026-05-10 06:43:27,133 INFO ✗ NOT mother 'disc.nix': name='disc.nix'(False), global='ɢᴇɴɪx'(False), expected='elindy'
2026-05-10 06:47:07,553 INFO Debug log file initialized at C:\Users\samth\OneDrive\Desktop\School Stuff\IncubatorV2\The Digitan Files\bot_debug.log
2026-05-10 06:47:11,208 INFO on_ready fired for Agnes Digitan#4286 (id=1490021973072412734), guild_count=3
2026-05-10 06:47:11,209 INFO Background tasks started
2026-05-10 06:47:11,209 INFO Commands in bot.tree before sync: 14
2026-05-10 06:47:11,577 INFO Globally synced 14 slash commands
2026-05-10 07:01:30,750 INFO Debug log file initialized at C:\Users\samth\OneDrive\Desktop\School Stuff\IncubatorV2\The Digitan Files\bot_debug.log
2026-05-10 07:01:34,530 INFO on_ready fired for Agnes Digitan#4286 (id=1490021973072412734), guild_count=3
2026-05-10 07:01:34,530 INFO Background tasks started
2026-05-10 07:01:34,530 INFO Commands in bot.tree before sync: 14
2026-05-10 07:01:34,932 INFO Globally synced 14 slash commands
2026-05-10 07:01:58,603 INFO ✓ CREATOR detected via name: 'yaboiplappers' == 'yaboiplappers'
2026-05-10 07:01:58,603 INFO ✓ CREATOR detected via name: 'yaboiplappers' == 'yaboiplappers'
2026-05-10 07:01:58,604 INFO ✓ CREATOR detected via name: 'yaboiplappers' == 'yaboiplappers'
2026-05-10 07:02:08,266 INFO ✓ CREATOR detected via name: 'yaboiplappers' == 'yaboiplappers'
2026-05-10 07:02:08,266 INFO ✓ CREATOR detected via name: 'yaboiplappers' == 'yaboiplappers'
2026-05-10 07:02:08,266 INFO ✓ CREATOR detected via name: 'yaboiplappers' == 'yaboiplappers'
2026-05-10 07:02:16,959 INFO ✓ CREATOR detected via name: 'yaboiplappers' == 'yaboiplappers'
2026-05-10 07:02:16,959 INFO ✓ CREATOR detected via name: 'yaboiplappers' == 'yaboiplappers'
2026-05-10 07:02:16,959 INFO ✓ CREATOR detected via name: 'yaboiplappers' == 'yaboiplappers'
2026-05-10 07:02:16,961 INFO greeting_type=morning cr=True mr=False author.name='yaboiplappers' author.global_name='ᕈᒐᗣᕈ' author.display_name='Samuel' content='Good Morning'
2026-05-10 07:02:16,961 INFO using_pool=CREATOR_MORNING
2026-05-10 07:02:32,040 INFO ✓ CREATOR detected via name: 'yaboiplappers' == 'yaboiplappers'
2026-05-10 07:02:32,040 INFO ✓ CREATOR detected via name: 'yaboiplappers' == 'yaboiplappers'
2026-05-10 07:02:32,041 INFO ✓ CREATOR detected via name: 'yaboiplappers' == 'yaboiplappers'
2026-05-10 07:02:34,376 INFO ✗ NOT creator 'rain_r.': name='rain_r.'(False), global='Rain 🌧️ er'(False), display='Rain 🌧️ er'(False), expected='yaboiplappers'
2026-05-10 07:02:34,376 INFO ✗ NOT creator 'rain_r.': name='rain_r.'(False), global='Rain 🌧️ er'(False), display='Rain 🌧️ er'(False), expected='yaboiplappers'
2026-05-10 07:02:34,376 INFO ✗ NOT mother 'rain_r.': name='rain_r.'(False), global='Rain 🌧️ er'(False), expected='elindy'
2026-05-10 07:02:34,376 INFO greeting_type=morning cr=False mr=False author.name='rain_r.' author.global_name='Rain 🌧️ er' author.display_name='Rain 🌧️ er' content='Good Morning'
2026-05-10 07:02:34,376 INFO using_pool=PUBLIC_MORNING
2026-05-10 07:02:51,278 INFO ✓ CREATOR detected via name: 'yaboiplappers' == 'yaboiplappers'
2026-05-10 07:02:51,278 INFO ✓ CREATOR detected via name: 'yaboiplappers' == 'yaboiplappers'
2026-05-10 07:02:51,278 INFO ✓ CREATOR detected via name: 'yaboiplappers' == 'yaboiplappers'
2026-05-10 07:03:04,529 INFO ✗ NOT creator 'rain_r.': name='rain_r.'(False), global='Rain 🌧️ er'(False), display='Rain 🌧️ er'(False), expected='yaboiplappers'
2026-05-10 07:03:04,529 INFO ✗ NOT creator 'rain_r.': name='rain_r.'(False), global='Rain 🌧️ er'(False), display='Rain 🌧️ er'(False), expected='yaboiplappers'
2026-05-10 07:03:04,529 INFO ✗ NOT mother 'rain_r.': name='rain_r.'(False), global='Rain 🌧️ er'(False), expected='elindy'
2026-05-10 07:03:08,596 INFO ✗ NOT creator 'rain_r.': name='rain_r.'(False), global='Rain 🌧️ er'(False), display='Rain 🌧️ er'(False), expected='yaboiplappers'
2026-05-10 07:03:08,596 INFO ✗ NOT creator 'rain_r.': name='rain_r.'(False), global='Rain 🌧️ er'(False), display='Rain 🌧️ er'(False), expected='yaboiplappers'
2026-05-10 07:03:08,596 INFO ✗ NOT mother 'rain_r.': name='rain_r.'(False), global='Rain 🌧️ er'(False), expected='elindy'
2026-05-10 07:03:10,864 INFO ✓ CREATOR detected via name: 'yaboiplappers' == 'yaboiplappers'
2026-05-10 07:03:27,889 INFO ✗ NOT creator 'rain_r.': name='rain_r.'(False), global='Rain 🌧️ er'(False), display='Rain 🌧️ er'(False), expected='yaboiplappers'
2026-05-10 07:03:27,889 INFO ✗ NOT creator 'rain_r.': name='rain_r.'(False), global='Rain 🌧️ er'(False), display='Rain 🌧️ er'(False), expected='yaboiplappers'
2026-05-10 07:03:27,889 INFO ✗ NOT mother 'rain_r.': name='rain_r.'(False), global='Rain 🌧️ er'(False), expected='elindy'
2026-05-10 07:03:42,565 INFO ✓ CREATOR detected via name: 'yaboiplappers' == 'yaboiplappers'
2026-05-10 07:03:42,565 INFO ✓ CREATOR detected via name: 'yaboiplappers' == 'yaboiplappers'
2026-05-10 07:03:42,565 INFO ✓ CREATOR detected via name: 'yaboiplappers' == 'yaboiplappers'
2026-05-10 07:03:56,766 INFO ✓ CREATOR detected via name: 'yaboiplappers' == 'yaboiplappers'
2026-05-10 07:03:56,766 INFO ✓ CREATOR detected via name: 'yaboiplappers' == 'yaboiplappers'
2026-05-10 07:03:56,766 INFO ✓ CREATOR detected via name: 'yaboiplappers' == 'yaboiplappers'
2026-05-10 07:04:04,209 INFO ✓ CREATOR detected via name: 'yaboiplappers' == 'yaboiplappers'
2026-05-10 07:04:04,209 INFO ✓ CREATOR detected via name: 'yaboiplappers' == 'yaboiplappers'
2026-05-10 07:04:04,209 INFO ✓ CREATOR detected via name: 'yaboiplappers' == 'yaboiplappers'
2026-05-10 07:04:05,778 INFO ✓ CREATOR detected via name: 'yaboiplappers' == 'yaboiplappers'
2026-05-10 07:04:05,778 INFO ✓ CREATOR detected via name: 'yaboiplappers' == 'yaboiplappers'
2026-05-10 07:04:05,778 INFO ✓ CREATOR detected via name: 'yaboiplappers' == 'yaboiplappers'
2026-05-10 07:04:11,054 INFO ✓ CREATOR detected via name: 'yaboiplappers' == 'yaboiplappers'
2026-05-10 07:04:11,054 INFO ✓ CREATOR detected via name: 'yaboiplappers' == 'yaboiplappers'
2026-05-10 07:04:11,054 INFO ✓ CREATOR detected via name: 'yaboiplappers' == 'yaboiplappers'
2026-05-10 07:04:42,840 INFO ✓ CREATOR detected via name: 'yaboiplappers' == 'yaboiplappers'
2026-05-10 07:04:42,840 INFO ✓ CREATOR detected via name: 'yaboiplappers' == 'yaboiplappers'
2026-05-10 07:04:42,840 INFO ✓ CREATOR detected via name: 'yaboiplappers' == 'yaboiplappers'
2026-05-10 07:04:45,284 INFO ✓ CREATOR detected via name: 'yaboiplappers' == 'yaboiplappers'
2026-05-10 07:04:45,284 INFO ✓ CREATOR detected via name: 'yaboiplappers' == 'yaboiplappers'
2026-05-10 07:04:45,284 INFO ✓ CREATOR detected via name: 'yaboiplappers' == 'yaboiplappers'
2026-05-10 07:04:48,426 INFO ✓ CREATOR detected via name: 'yaboiplappers' == 'yaboiplappers'
2026-05-10 07:04:48,426 INFO ✓ CREATOR detected via name: 'yaboiplappers' == 'yaboiplappers'
2026-05-10 07:04:48,426 INFO ✓ CREATOR detected via name: 'yaboiplappers' == 'yaboiplappers'
2026-05-10 07:05:12,972 INFO ✓ CREATOR detected via name: 'yaboiplappers' == 'yaboiplappers'
2026-05-10 07:05:12,972 INFO ✓ CREATOR detected via name: 'yaboiplappers' == 'yaboiplappers'
2026-05-10 07:05:12,972 INFO ✓ CREATOR detected via name: 'yaboiplappers' == 'yaboiplappers'
2026-05-10 07:05:28,048 INFO ✓ CREATOR detected via name: 'yaboiplappers' == 'yaboiplappers'
2026-05-10 07:05:28,048 INFO ✓ CREATOR detected via name: 'yaboiplappers' == 'yaboiplappers'
2026-05-10 07:05:28,049 INFO ✓ CREATOR detected via name: 'yaboiplappers' == 'yaboiplappers'
2026-05-10 07:06:06,661 INFO ✓ CREATOR detected via name: 'yaboiplappers' == 'yaboiplappers'
2026-05-10 07:06:06,661 INFO ✓ CREATOR detected via name: 'yaboiplappers' == 'yaboiplappers'
2026-05-10 07:06:06,661 INFO ✓ CREATOR detected via name: 'yaboiplappers' == 'yaboiplappers'
2026-05-10 07:06:31,860 INFO ✓ CREATOR detected via name: 'yaboiplappers' == 'yaboiplappers'
2026-05-10 07:06:31,860 INFO ✓ CREATOR detected via name: 'yaboiplappers' == 'yaboiplappers'
2026-05-10 07:06:31,860 INFO ✓ CREATOR detected via name: 'yaboiplappers' == 'yaboiplappers'
2026-05-10 07:08:32,523 INFO ✓ CREATOR detected via name: 'yaboiplappers' == 'yaboiplappers'
2026-05-10 07:08:32,523 INFO ✓ CREATOR detected via name: 'yaboiplappers' == 'yaboiplappers'
2026-05-10 07:08:32,523 INFO ✓ CREATOR detected via name: 'yaboiplappers' == 'yaboiplappers'
2026-05-10 07:08:35,785 INFO ✓ CREATOR detected via name: 'yaboiplappers' == 'yaboiplappers'
2026-05-10 07:08:35,785 INFO ✓ CREATOR detected via name: 'yaboiplappers' == 'yaboiplappers'
2026-05-10 07:08:35,785 INFO ✓ CREATOR detected via name: 'yaboiplappers' == 'yaboiplappers'
2026-05-10 07:10:28,451 INFO ✗ NOT creator 'mafiasz.': name='mafiasz.'(False), global='Mafia'(False), display='James'(False), expected='yaboiplappers'
2026-05-10 07:10:28,451 INFO ✗ NOT creator 'mafiasz.': name='mafiasz.'(False), global='Mafia'(False), display='James'(False), expected='yaboiplappers'
2026-05-10 07:10:28,451 INFO ✗ NOT mother 'mafiasz.': name='mafiasz.'(False), global='Mafia'(False), expected='elindy'
2026-05-10 07:11:00,552 INFO ✓ CREATOR detected via name: 'yaboiplappers' == 'yaboiplappers'
2026-05-10 07:11:00,552 INFO ✓ CREATOR detected via name: 'yaboiplappers' == 'yaboiplappers'
2026-05-10 07:11:00,553 INFO ✓ CREATOR detected via name: 'yaboiplappers' == 'yaboiplappers'
2026-05-10 07:11:32,585 INFO ✓ CREATOR detected via name: 'yaboiplappers' == 'yaboiplappers'
2026-05-10 07:11:32,585 INFO ✓ CREATOR detected via name: 'yaboiplappers' == 'yaboiplappers'
2026-05-10 07:11:32,585 INFO ✓ CREATOR detected via name: 'yaboiplappers' == 'yaboiplappers'
2026-05-10 07:11:35,710 INFO ✗ NOT creator 'mafiasz.': name='mafiasz.'(False), global='Mafia'(False), display='James'(False), expected='yaboiplappers'
2026-05-10 07:11:35,710 INFO ✗ NOT creator 'mafiasz.': name='mafiasz.'(False), global='Mafia'(False), display='James'(False), expected='yaboiplappers'
2026-05-10 07:11:35,710 INFO ✗ NOT mother 'mafiasz.': name='mafiasz.'(False), global='Mafia'(False), expected='elindy'
2026-05-10 07:11:37,942 INFO ✗ NOT creator 'mafiasz.': name='mafiasz.'(False), global='Mafia'(False), display='James'(False), expected='yaboiplappers'
2026-05-10 07:11:37,942 INFO ✗ NOT creator 'mafiasz.': name='mafiasz.'(False), global='Mafia'(False), display='James'(False), expected='yaboiplappers'
2026-05-10 07:11:37,942 INFO ✗ NOT mother 'mafiasz.': name='mafiasz.'(False), global='Mafia'(False), expected='elindy'
2026-05-10 07:11:41,292 INFO ✓ CREATOR detected via name: 'yaboiplappers' == 'yaboiplappers'
2026-05-10 07:11:41,293 INFO ✓ CREATOR detected via name: 'yaboiplappers' == 'yaboiplappers'
2026-05-10 07:11:41,293 INFO ✓ CREATOR detected via name: 'yaboiplappers' == 'yaboiplappers'
2026-05-10 07:11:50,063 INFO ✗ NOT creator 'mafiasz.': name='mafiasz.'(False), global='Mafia'(False), display='James'(False), expected='yaboiplappers'
2026-05-10 07:11:50,063 INFO ✗ NOT creator 'mafiasz.': name='mafiasz.'(False), global='Mafia'(False), display='James'(False), expected='yaboiplappers'
2026-05-10 07:11:50,063 INFO ✗ NOT mother 'mafiasz.': name='mafiasz.'(False), global='Mafia'(False), expected='elindy'
2026-05-10 07:12:12,928 INFO ✗ NOT creator 'mafiasz.': name='mafiasz.'(False), global='Mafia'(False), display='James'(False), expected='yaboiplappers'
2026-05-10 07:12:12,928 INFO ✗ NOT creator 'mafiasz.': name='mafiasz.'(False), global='Mafia'(False), display='James'(False), expected='yaboiplappers'
2026-05-10 07:12:12,929 INFO ✗ NOT mother 'mafiasz.': name='mafiasz.'(False), global='Mafia'(False), expected='elindy'
2026-05-10 07:12:17,938 INFO ✗ NOT creator 'mafiasz.': name='mafiasz.'(False), global='Mafia'(False), display='James'(False), expected='yaboiplappers'
2026-05-10 07:12:17,938 INFO ✗ NOT creator 'mafiasz.': name='mafiasz.'(False), global='Mafia'(False), display='James'(False), expected='yaboiplappers'
2026-05-10 07:12:17,938 INFO ✗ NOT mother 'mafiasz.': name='mafiasz.'(False), global='Mafia'(False), expected='elindy'
2026-05-10 07:12:24,863 INFO ✗ NOT creator 'mafiasz.': name='mafiasz.'(False), global='Mafia'(False), display='James'(False), expected='yaboiplappers'
2026-05-10 07:12:24,863 INFO ✗ NOT creator 'mafiasz.': name='mafiasz.'(False), global='Mafia'(False), display='James'(False), expected='yaboiplappers'
2026-05-10 07:12:24,863 INFO ✗ NOT mother 'mafiasz.': name='mafiasz.'(False), global='Mafia'(False), expected='elindy'
2026-05-10 07:12:30,072 INFO ✓ CREATOR detected via name: 'yaboiplappers' == 'yaboiplappers'
2026-05-10 07:12:30,072 INFO ✓ CREATOR detected via name: 'yaboiplappers' == 'yaboiplappers'
2026-05-10 07:12:30,073 INFO ✓ CREATOR detected via name: 'yaboiplappers' == 'yaboiplappers'
2026-05-10 07:12:39,410 INFO ✗ NOT creator 'mafiasz.': name='mafiasz.'(False), global='Mafia'(False), display='James'(False), expected='yaboiplappers'
2026-05-10 07:12:39,410 INFO ✗ NOT creator 'mafiasz.': name='mafiasz.'(False), global='Mafia'(False), display='James'(False), expected='yaboiplappers'
2026-05-10 07:12:39,411 INFO ✗ NOT mother 'mafiasz.': name='mafiasz.'(False), global='Mafia'(False), expected='elindy'
2026-05-10 07:12:44,890 INFO ✗ NOT creator 'mafiasz.': name='mafiasz.'(False), global='Mafia'(False), display='James'(False), expected='yaboiplappers'
2026-05-10 07:12:44,890 INFO ✗ NOT creator 'mafiasz.': name='mafiasz.'(False), global='Mafia'(False), display='James'(False), expected='yaboiplappers'
2026-05-10 07:12:44,890 INFO ✗ NOT mother 'mafiasz.': name='mafiasz.'(False), global='Mafia'(False), expected='elindy'
2026-05-10 07:13:13,983 INFO ✗ NOT creator 'mafiasz.': name='mafiasz.'(False), global='Mafia'(False), display='James'(False), expected='yaboiplappers'
2026-05-10 07:13:13,983 INFO ✗ NOT creator 'mafiasz.': name='mafiasz.'(False), global='Mafia'(False), display='James'(False), expected='yaboiplappers'
2026-05-10 07:13:13,983 INFO ✗ NOT mother 'mafiasz.': name='mafiasz.'(False), global='Mafia'(False), expected='elindy'
2026-05-10 07:13:26,804 INFO ✗ NOT creator 'mafiasz.': name='mafiasz.'(False), global='Mafia'(False), display='James'(False), expected='yaboiplappers'
2026-05-10 07:13:26,804 INFO ✗ NOT creator 'mafiasz.': name='mafiasz.'(False), global='Mafia'(False), display='James'(False), expected='yaboiplappers'
2026-05-10 07:13:26,804 INFO ✗ NOT mother 'mafiasz.': name='mafiasz.'(False), global='Mafia'(False), expected='elindy'
2026-05-10 07:13:35,699 INFO ✗ NOT creator 'mafiasz.': name='mafiasz.'(False), global='Mafia'(False), display='James'(False), expected='yaboiplappers'
2026-05-10 07:13:35,699 INFO ✗ NOT creator 'mafiasz.': name='mafiasz.'(False), global='Mafia'(False), display='James'(False), expected='yaboiplappers'
2026-05-10 07:13:35,699 INFO ✗ NOT mother 'mafiasz.': name='mafiasz.'(False), global='Mafia'(False), expected='elindy'
2026-05-10 07:13:42,613 INFO ✓ CREATOR detected via name: 'yaboiplappers' == 'yaboiplappers'
2026-05-10 07:13:42,613 INFO ✓ CREATOR detected via name: 'yaboiplappers' == 'yaboiplappers'
2026-05-10 07:13:42,613 INFO ✓ CREATOR detected via name: 'yaboiplappers' == 'yaboiplappers'
2026-05-10 07:13:55,506 INFO ✗ NOT creator 'mafiasz.': name='mafiasz.'(False), global='Mafia'(False), display='James'(False), expected='yaboiplappers'
2026-05-10 07:13:55,506 INFO ✗ NOT creator 'mafiasz.': name='mafiasz.'(False), global='Mafia'(False), display='James'(False), expected='yaboiplappers'
2026-05-10 07:13:55,506 INFO ✗ NOT mother 'mafiasz.': name='mafiasz.'(False), global='Mafia'(False), expected='elindy'
2026-05-10 07:13:56,070 INFO ✓ CREATOR detected via name: 'yaboiplappers' == 'yaboiplappers'
2026-05-10 07:13:56,070 INFO ✓ CREATOR detected via name: 'yaboiplappers' == 'yaboiplappers'
2026-05-10 07:13:56,070 INFO ✓ CREATOR detected via name: 'yaboiplappers' == 'yaboiplappers'
2026-05-10 07:14:06,840 INFO ✓ CREATOR detected via name: 'yaboiplappers' == 'yaboiplappers'
2026-05-10 07:14:06,840 INFO ✓ CREATOR detected via name: 'yaboiplappers' == 'yaboiplappers'
2026-05-10 07:14:06,840 INFO ✓ CREATOR detected via name: 'yaboiplappers' == 'yaboiplappers'
2026-05-10 07:14:29,484 INFO ✗ NOT creator 'mafiasz.': name='mafiasz.'(False), global='Mafia'(False), display='James'(False), expected='yaboiplappers'
2026-05-10 07:14:29,485 INFO ✗ NOT creator 'mafiasz.': name='mafiasz.'(False), global='Mafia'(False), display='James'(False), expected='yaboiplappers'
2026-05-10 07:14:29,485 INFO ✗ NOT mother 'mafiasz.': name='mafiasz.'(False), global='Mafia'(False), expected='elindy'
2026-05-10 07:14:46,467 INFO ✓ CREATOR detected via name: 'yaboiplappers' == 'yaboiplappers'
2026-05-10 07:14:46,467 INFO ✓ CREATOR detected via name: 'yaboiplappers' == 'yaboiplappers'
2026-05-10 07:14:46,467 INFO ✓ CREATOR detected via name: 'yaboiplappers' == 'yaboiplappers'
2026-05-10 07:14:53,745 INFO ✓ CREATOR detected via name: 'yaboiplappers' == 'yaboiplappers'
2026-05-10 07:14:53,745 INFO ✓ CREATOR detected via name: 'yaboiplappers' == 'yaboiplappers'
2026-05-10 07:14:53,745 INFO ✓ CREATOR detected via name: 'yaboiplappers' == 'yaboiplappers'
2026-05-10 07:33:40,807 INFO ✗ NOT creator 'disc.nix': name='disc.nix'(False), global='ɢᴇɴɪx'(False), display='ɢᴇɴɪx'(False), expected='yaboiplappers'
2026-05-10 07:33:40,807 INFO ✗ NOT creator 'disc.nix': name='disc.nix'(False), global='ɢᴇɴɪx'(False), display='ɢᴇɴɪx'(False), expected='yaboiplappers'
2026-05-10 07:33:40,807 INFO ✗ NOT mother 'disc.nix': name='disc.nix'(False), global='ɢᴇɴɪx'(False), expected='elindy'
2026-05-10 07:33:41,580 INFO ✗ NOT creator 'disc.nix': name='disc.nix'(False), global='ɢᴇɴɪx'(False), display='ɢᴇɴɪx'(False), expected='yaboiplappers'
2026-05-10 07:33:41,580 INFO ✗ NOT creator 'disc.nix': name='disc.nix'(False), global='ɢᴇɴɪx'(False), display='ɢᴇɴɪx'(False), expected='yaboiplappers'
2026-05-10 07:33:41,581 INFO ✗ NOT mother 'disc.nix': name='disc.nix'(False), global='ɢᴇɴɪx'(False), expected='elindy'
2026-05-10 07:33:42,288 INFO ✗ NOT creator 'disc.nix': name='disc.nix'(False), global='ɢᴇɴɪx'(False), display='ɢᴇɴɪx'(False), expected='yaboiplappers'
2026-05-10 07:33:42,288 INFO ✗ NOT creator 'disc.nix': name='disc.nix'(False), global='ɢᴇɴɪx'(False), display='ɢᴇɴɪx'(False), expected='yaboiplappers'
2026-05-10 07:33:42,288 INFO ✗ NOT mother 'disc.nix': name='disc.nix'(False), global='ɢᴇɴɪx'(False), expected='elindy'
2026-05-10 07:33:42,813 INFO ✗ NOT creator 'disc.nix': name='disc.nix'(False), global='ɢᴇɴɪx'(False), display='ɢᴇɴɪx'(False), expected='yaboiplappers'
2026-05-10 07:33:42,814 INFO ✗ NOT creator 'disc.nix': name='disc.nix'(False), global='ɢᴇɴɪx'(False), display='ɢᴇɴɪx'(False), expected='yaboiplappers'
2026-05-10 07:33:42,814 INFO ✗ NOT mother 'disc.nix': name='disc.nix'(False), global='ɢᴇɴɪx'(False), expected='elindy'
2026-05-10 07:33:43,388 INFO ✗ NOT creator 'disc.nix': name='disc.nix'(False), global='ɢᴇɴɪx'(False), display='ɢᴇɴɪx'(False), expected='yaboiplappers'
2026-05-10 07:33:43,388 INFO ✗ NOT creator 'disc.nix': name='disc.nix'(False), global='ɢᴇɴɪx'(False), display='ɢᴇɴɪx'(False), expected='yaboiplappers'
2026-05-10 07:33:43,388 INFO ✗ NOT mother 'disc.nix': name='disc.nix'(False), global='ɢᴇɴɪx'(False), expected='elindy'
2026-05-10 07:33:44,059 INFO ✗ NOT creator 'disc.nix': name='disc.nix'(False), global='ɢᴇɴɪx'(False), display='ɢᴇɴɪx'(False), expected='yaboiplappers'
2026-05-10 07:33:44,059 INFO ✗ NOT creator 'disc.nix': name='disc.nix'(False), global='ɢᴇɴɪx'(False), display='ɢᴇɴɪx'(False), expected='yaboiplappers'
2026-05-10 07:33:44,059 INFO ✗ NOT mother 'disc.nix': name='disc.nix'(False), global='ɢᴇɴɪx'(False), expected='elindy'
2026-05-10 07:33:44,789 INFO ✗ NOT creator 'disc.nix': name='disc.nix'(False), global='ɢᴇɴɪx'(False), display='ɢᴇɴɪx'(False), expected='yaboiplappers'
2026-05-10 07:33:44,789 INFO ✗ NOT creator 'disc.nix': name='disc.nix'(False), global='ɢᴇɴɪx'(False), display='ɢᴇɴɪx'(False), expected='yaboiplappers'
2026-05-10 07:33:44,790 INFO ✗ NOT mother 'disc.nix': name='disc.nix'(False), global='ɢᴇɴɪx'(False), expected='elindy'
2026-05-10 07:33:45,298 INFO ✗ NOT creator 'disc.nix': name='disc.nix'(False), global='ɢᴇɴɪx'(False), display='ɢᴇɴɪx'(False), expected='yaboiplappers'
2026-05-10 07:33:45,298 INFO ✗ NOT creator 'disc.nix': name='disc.nix'(False), global='ɢᴇɴɪx'(False), display='ɢᴇɴɪx'(False), expected='yaboiplappers'
2026-05-10 07:33:45,298 INFO ✗ NOT mother 'disc.nix': name='disc.nix'(False), global='ɢᴇɴɪx'(False), expected='elindy'
2026-05-10 07:33:45,872 INFO ✗ NOT creator 'disc.nix': name='disc.nix'(False), global='ɢᴇɴɪx'(False), display='ɢᴇɴɪx'(False), expected='yaboiplappers'
2026-05-10 07:33:45,872 INFO ✗ NOT creator 'disc.nix': name='disc.nix'(False), global='ɢᴇɴɪx'(False), display='ɢᴇɴɪx'(False), expected='yaboiplappers'
2026-05-10 07:33:45,872 INFO ✗ NOT mother 'disc.nix': name='disc.nix'(False), global='ɢᴇɴɪx'(False), expected='elindy'
2026-05-10 07:33:46,485 INFO ✗ NOT creator 'disc.nix': name='disc.nix'(False), global='ɢᴇɴɪx'(False), display='ɢᴇɴɪx'(False), expected='yaboiplappers'
2026-05-10 07:33:46,486 INFO ✗ NOT creator 'disc.nix': name='disc.nix'(False), global='ɢᴇɴɪx'(False), display='ɢᴇɴɪx'(False), expected='yaboiplappers'
2026-05-10 07:33:46,486 INFO ✗ NOT mother 'disc.nix': name='disc.nix'(False), global='ɢᴇɴɪx'(False), expected='elindy'
2026-05-10 07:33:47,122 INFO ✗ NOT creator 'disc.nix': name='disc.nix'(False), global='ɢᴇɴɪx'(False), display='ɢᴇɴɪx'(False), expected='yaboiplappers'
2026-05-10 07:33:47,122 INFO ✗ NOT creator 'disc.nix': name='disc.nix'(False), global='ɢᴇɴɪx'(False), display='ɢᴇɴɪx'(False), expected='yaboiplappers'
2026-05-10 07:33:47,122 INFO ✗ NOT mother 'disc.nix': name='disc.nix'(False), global='ɢᴇɴɪx'(False), expected='elindy'
2026-05-10 07:33:47,869 INFO ✗ NOT creator 'disc.nix': name='disc.nix'(False), global='ɢᴇɴɪx'(False), display='ɢᴇɴɪx'(False), expected='yaboiplappers'
2026-05-10 07:33:47,869 INFO ✗ NOT creator 'disc.nix': name='disc.nix'(False), global='ɢᴇɴɪx'(False), display='ɢᴇɴɪx'(False), expected='yaboiplappers'
2026-05-10 07:33:47,869 INFO ✗ NOT mother 'disc.nix': name='disc.nix'(False), global='ɢᴇɴɪx'(False), expected='elindy'
2026-05-10 07:33:48,936 INFO ✗ NOT creator 'disc.nix': name='disc.nix'(False), global='ɢᴇɴɪx'(False), display='ɢᴇɴɪx'(False), expected='yaboiplappers'
2026-05-10 07:33:48,936 INFO ✗ NOT creator 'disc.nix': name='disc.nix'(False), global='ɢᴇɴɪx'(False), display='ɢᴇɴɪx'(False), expected='yaboiplappers'
2026-05-10 07:33:48,936 INFO ✗ NOT mother 'disc.nix': name='disc.nix'(False), global='ɢᴇɴɪx'(False), expected='elindy'
2026-05-10 07:41:16,957 INFO ✗ NOT creator 'souper.nova': name='souper.nova'(False), global='SouperNova'(False), display='SouperNova'(False), expected='yaboiplappers'
2026-05-10 07:41:16,957 INFO ✗ NOT creator 'souper.nova': name='souper.nova'(False), global='SouperNova'(False), display='SouperNova'(False), expected='yaboiplappers'
2026-05-10 07:41:16,957 INFO ✗ NOT mother 'souper.nova': name='souper.nova'(False), global='SouperNova'(False), expected='elindy'
2026-05-10 07:55:27,920 INFO ✗ NOT creator 'andre012010': name='andre012010'(False), global='Andres'(False), display='Andres'(False), expected='yaboiplappers'
2026-05-10 07:55:27,920 INFO ✗ NOT creator 'andre012010': name='andre012010'(False), global='Andres'(False), display='Andres'(False), expected='yaboiplappers'
2026-05-10 07:55:27,920 INFO ✗ NOT mother 'andre012010': name='andre012010'(False), global='Andres'(False), expected='elindy'
2026-05-10 08:22:48,144 INFO ✗ NOT creator 'museofthem': name='museofthem'(False), global='muse'(False), display='baleth'(False), expected='yaboiplappers'
2026-05-10 08:22:48,144 INFO ✗ NOT creator 'museofthem': name='museofthem'(False), global='muse'(False), display='baleth'(False), expected='yaboiplappers'
2026-05-10 08:22:48,144 INFO ✗ NOT mother 'museofthem': name='museofthem'(False), global='muse'(False), expected='elindy'
2026-05-10 08:23:06,553 INFO ✗ NOT creator 'souper.nova': name='souper.nova'(False), global='SouperNova'(False), display='SouperNova'(False), expected='yaboiplappers'
2026-05-10 08:23:06,553 INFO ✗ NOT creator 'souper.nova': name='souper.nova'(False), global='SouperNova'(False), display='SouperNova'(False), expected='yaboiplappers'
2026-05-10 08:23:06,553 INFO ✗ NOT mother 'souper.nova': name='souper.nova'(False), global='SouperNova'(False), expected='elindy'
2026-05-10 08:23:20,741 INFO ✗ NOT creator 'museofthem': name='museofthem'(False), global='muse'(False), display='baleth'(False), expected='yaboiplappers'
2026-05-10 08:23:20,742 INFO ✗ NOT creator 'museofthem': name='museofthem'(False), global='muse'(False), display='baleth'(False), expected='yaboiplappers'
2026-05-10 08:23:20,742 INFO ✗ NOT mother 'museofthem': name='museofthem'(False), global='muse'(False), expected='elindy'
2026-05-10 08:23:32,040 INFO ✗ NOT creator 'souper.nova': name='souper.nova'(False), global='SouperNova'(False), display='SouperNova'(False), expected='yaboiplappers'
2026-05-10 08:23:32,040 INFO ✗ NOT creator 'souper.nova': name='souper.nova'(False), global='SouperNova'(False), display='SouperNova'(False), expected='yaboiplappers'
2026-05-10 08:23:32,040 INFO ✗ NOT mother 'souper.nova': name='souper.nova'(False), global='SouperNova'(False), expected='elindy'
2026-05-10 08:29:44,080 INFO ✗ NOT creator 'souper.nova': name='souper.nova'(False), global='SouperNova'(False), display='SouperNova'(False), expected='yaboiplappers'
2026-05-10 08:29:44,080 INFO ✗ NOT creator 'souper.nova': name='souper.nova'(False), global='SouperNova'(False), display='SouperNova'(False), expected='yaboiplappers'
2026-05-10 08:29:44,080 INFO ✗ NOT mother 'souper.nova': name='souper.nova'(False), global='SouperNova'(False), expected='elindy'
2026-05-10 08:29:48,754 INFO ✗ NOT creator 'souper.nova': name='souper.nova'(False), global='SouperNova'(False), display='SouperNova'(False), expected='yaboiplappers'
2026-05-10 08:29:48,755 INFO ✗ NOT creator 'souper.nova': name='souper.nova'(False), global='SouperNova'(False), display='SouperNova'(False), expected='yaboiplappers'
2026-05-10 08:29:48,755 INFO ✗ NOT mother 'souper.nova': name='souper.nova'(False), global='SouperNova'(False), expected='elindy'
2026-05-10 08:31:02,520 INFO ✗ NOT creator 'souper.nova': name='souper.nova'(False), global='SouperNova'(False), display='SouperNova'(False), expected='yaboiplappers'
2026-05-10 08:31:02,520 INFO ✗ NOT creator 'souper.nova': name='souper.nova'(False), global='SouperNova'(False), display='SouperNova'(False), expected='yaboiplappers'
2026-05-10 08:31:02,520 INFO ✗ NOT mother 'souper.nova': name='souper.nova'(False), global='SouperNova'(False), expected='elindy'
2026-05-10 08:31:07,806 INFO ✗ NOT creator 'souper.nova': name='souper.nova'(False), global='SouperNova'(False), display='SouperNova'(False), expected='yaboiplappers'
2026-05-10 08:31:07,806 INFO ✗ NOT creator 'souper.nova': name='souper.nova'(False), global='SouperNova'(False), display='SouperNova'(False), expected='yaboiplappers'
2026-05-10 08:31:07,806 INFO ✗ NOT mother 'souper.nova': name='souper.nova'(False), global='SouperNova'(False), expected='elindy'
2026-05-10 09:01:53,040 INFO ✗ NOT creator 'cubbs': name='cubbs'(False), global=None(None), display='Abod'(False), expected='yaboiplappers'
2026-05-10 09:01:53,043 INFO ✗ NOT creator 'cubbs': name='cubbs'(False), global=None(None), display='Abod'(False), expected='yaboiplappers'
2026-05-10 09:01:53,043 INFO ✗ NOT mother 'cubbs': name='cubbs'(False), global=None(None), expected='elindy'
2026-05-10 09:02:20,595 INFO ✗ NOT creator 'invertedrodent': name='invertedrodent'(False), global='Inverted Rodent'(False), display='Eliyah'(False), expected='yaboiplappers'
2026-05-10 09:02:20,595 INFO ✗ NOT creator 'invertedrodent': name='invertedrodent'(False), global='Inverted Rodent'(False), display='Eliyah'(False), expected='yaboiplappers'
2026-05-10 09:02:20,595 INFO ✗ NOT mother 'invertedrodent': name='invertedrodent'(False), global='Inverted Rodent'(False), expected='elindy'
2026-05-10 09:02:57,956 INFO ✗ NOT creator 'rain_r.': name='rain_r.'(False), global='Rain 🌧️ er'(False), display='Rain 🌧️ er'(False), expected='yaboiplappers'
2026-05-10 09:02:57,957 INFO ✗ NOT creator 'rain_r.': name='rain_r.'(False), global='Rain 🌧️ er'(False), display='Rain 🌧️ er'(False), expected='yaboiplappers'
2026-05-10 09:02:57,957 INFO ✗ NOT mother 'rain_r.': name='rain_r.'(False), global='Rain 🌧️ er'(False), expected='elindy'
2026-05-10 09:03:02,226 INFO ✗ NOT creator 'cubbs': name='cubbs'(False), global=None(None), display='Abod'(False), expected='yaboiplappers'
2026-05-10 09:03:02,226 INFO ✗ NOT creator 'cubbs': name='cubbs'(False), global=None(None), display='Abod'(False), expected='yaboiplappers'
2026-05-10 09:03:02,226 INFO ✗ NOT mother 'cubbs': name='cubbs'(False), global=None(None), expected='elindy'
2026-05-10 09:03:26,596 INFO ✗ NOT creator 'siniganggaming': name='siniganggaming'(False), global='moon'(False), display='moon'(False), expected='yaboiplappers'
2026-05-10 09:03:26,596 INFO ✗ NOT creator 'siniganggaming': name='siniganggaming'(False), global='moon'(False), display='moon'(False), expected='yaboiplappers'
2026-05-10 09:03:26,596 INFO ✗ NOT mother 'siniganggaming': name='siniganggaming'(False), global='moon'(False), expected='elindy'
2026-05-10 09:03:31,736 INFO ✗ NOT creator 'disc.nix': name='disc.nix'(False), global='ɢᴇɴɪx'(False), display='ɢᴇɴɪx'(False), expected='yaboiplappers'
2026-05-10 09:03:31,736 INFO ✗ NOT creator 'disc.nix': name='disc.nix'(False), global='ɢᴇɴɪx'(False), display='ɢᴇɴɪx'(False), expected='yaboiplappers'
2026-05-10 09:03:31,736 INFO ✗ NOT mother 'disc.nix': name='disc.nix'(False), global='ɢᴇɴɪx'(False), expected='elindy'
2026-05-10 09:04:17,176 INFO ✗ NOT creator 'disc.nix': name='disc.nix'(False), global='ɢᴇɴɪx'(False), display='ɢᴇɴɪx'(False), expected='yaboiplappers'
2026-05-10 09:04:17,176 INFO ✗ NOT creator 'disc.nix': name='disc.nix'(False), global='ɢᴇɴɪx'(False), display='ɢᴇɴɪx'(False), expected='yaboiplappers'
2026-05-10 09:04:17,177 INFO ✗ NOT mother 'disc.nix': name='disc.nix'(False), global='ɢᴇɴɪx'(False), expected='elindy'
2026-05-10 09:04:34,434 INFO ✗ NOT creator 'cubbs': name='cubbs'(False), global=None(None), display='Abod'(False), expected='yaboiplappers'
2026-05-10 09:04:34,434 INFO ✗ NOT creator 'cubbs': name='cubbs'(False), global=None(None), display='Abod'(False), expected='yaboiplappers'
2026-05-10 09:04:34,434 INFO ✗ NOT mother 'cubbs': name='cubbs'(False), global=None(None), expected='elindy'
2026-05-10 09:04:49,826 INFO ✗ NOT creator 'disc.nix': name='disc.nix'(False), global='ɢᴇɴɪx'(False), display='ɢᴇɴɪx'(False), expected='yaboiplappers'
2026-05-10 09:04:49,826 INFO ✗ NOT creator 'disc.nix': name='disc.nix'(False), global='ɢᴇɴɪx'(False), display='ɢᴇɴɪx'(False), expected='yaboiplappers'
2026-05-10 09:04:49,826 INFO ✗ NOT mother 'disc.nix': name='disc.nix'(False), global='ɢᴇɴɪx'(False), expected='elindy'
2026-05-10 09:05:47,391 INFO ✗ NOT creator 'cubbs': name='cubbs'(False), global=None(None), display='Abod'(False), expected='yaboiplappers'
2026-05-10 09:05:47,392 INFO ✗ NOT creator 'cubbs': name='cubbs'(False), global=None(None), display='Abod'(False), expected='yaboiplappers'
2026-05-10 09:05:47,392 INFO ✗ NOT mother 'cubbs': name='cubbs'(False), global=None(None), expected='elindy'
2026-05-10 09:08:28,475 INFO ✗ NOT creator 'museofthem': name='museofthem'(False), global='muse'(False), display='baleth'(False), expected='yaboiplappers'
2026-05-10 09:08:28,475 INFO ✗ NOT creator 'museofthem': name='museofthem'(False), global='muse'(False), display='baleth'(False), expected='yaboiplappers'
2026-05-10 09:08:28,475 INFO ✗ NOT mother 'museofthem': name='museofthem'(False), global='muse'(False), expected='elindy'
2026-05-10 09:19:15,082 INFO ✗ NOT creator 'ackquwa': name='ackquwa'(False), global='Ackquwa'(False), display='Ali'(False), expected='yaboiplappers'
2026-05-10 09:19:15,086 INFO ✗ NOT creator 'ackquwa': name='ackquwa'(False), global='Ackquwa'(False), display='Ali'(False), expected='yaboiplappers'
2026-05-10 09:19:15,086 INFO ✗ NOT mother 'ackquwa': name='ackquwa'(False), global='Ackquwa'(False), expected='elindy'
2026-05-10 09:23:37,878 INFO ✗ NOT creator 'disc.nix': name='disc.nix'(False), global='ɢᴇɴɪx'(False), display='ɢᴇɴɪx'(False), expected='yaboiplappers'
2026-05-10 09:23:37,878 INFO ✗ NOT creator 'disc.nix': name='disc.nix'(False), global='ɢᴇɴɪx'(False), display='ɢᴇɴɪx'(False), expected='yaboiplappers'
2026-05-10 09:23:37,878 INFO ✗ NOT mother 'disc.nix': name='disc.nix'(False), global='ɢᴇɴɪx'(False), expected='elindy'
2026-05-10 09:23:46,351 INFO ✗ NOT creator 'disc.nix': name='disc.nix'(False), global='ɢᴇɴɪx'(False), display='ɢᴇɴɪx'(False), expected='yaboiplappers'
2026-05-10 09:23:46,351 INFO ✗ NOT creator 'disc.nix': name='disc.nix'(False), global='ɢᴇɴɪx'(False), display='ɢᴇɴɪx'(False), expected='yaboiplappers'
2026-05-10 09:23:46,351 INFO ✗ NOT mother 'disc.nix': name='disc.nix'(False), global='ɢᴇɴɪx'(False), expected='elindy'
2026-05-10 09:28:50,237 INFO ✗ NOT creator 'ackquwa': name='ackquwa'(False), global='Ackquwa'(False), display='Ali'(False), expected='yaboiplappers'
2026-05-10 09:28:50,237 INFO ✗ NOT creator 'ackquwa': name='ackquwa'(False), global='Ackquwa'(False), display='Ali'(False), expected='yaboiplappers'
2026-05-10 09:28:50,237 INFO ✗ NOT mother 'ackquwa': name='ackquwa'(False), global='Ackquwa'(False), expected='elindy'
2026-05-10 09:28:51,464 INFO ✗ NOT creator 'ackquwa': name='ackquwa'(False), global='Ackquwa'(False), display='Ali'(False), expected='yaboiplappers'
2026-05-10 09:28:51,464 INFO ✗ NOT creator 'ackquwa': name='ackquwa'(False), global='Ackquwa'(False), display='Ali'(False), expected='yaboiplappers'
2026-05-10 09:28:51,464 INFO ✗ NOT mother 'ackquwa': name='ackquwa'(False), global='Ackquwa'(False), expected='elindy'
2026-05-10 09:28:53,851 INFO ✗ NOT creator 'ackquwa': name='ackquwa'(False), global='Ackquwa'(False), display='Ali'(False), expected='yaboiplappers'
2026-05-10 09:28:53,851 INFO ✗ NOT creator 'ackquwa': name='ackquwa'(False), global='Ackquwa'(False), display='Ali'(False), expected='yaboiplappers'
2026-05-10 09:28:53,851 INFO ✗ NOT mother 'ackquwa': name='ackquwa'(False), global='Ackquwa'(False), expected='elindy'
2026-05-10 09:29:19,413 INFO ✗ NOT creator 'dressperado': name='dressperado'(False), global='dressperado'(False), display='Matthew'(False), expected='yaboiplappers'
2026-05-10 09:29:19,414 INFO ✗ NOT creator 'dressperado': name='dressperado'(False), global='dressperado'(False), display='Matthew'(False), expected='yaboiplappers'
2026-05-10 09:29:19,414 INFO ✗ NOT mother 'dressperado': name='dressperado'(False), global='dressperado'(False), expected='elindy'
2026-05-10 09:29:23,986 INFO ✗ NOT creator 'ourophais': name='ourophais'(False), global='Ouroboros'(False), display='God Emperor'(False), expected='yaboiplappers'
2026-05-10 09:29:23,986 INFO ✗ NOT creator 'ourophais': name='ourophais'(False), global='Ouroboros'(False), display='God Emperor'(False), expected='yaboiplappers'
2026-05-10 09:29:23,986 INFO ✗ NOT mother 'ourophais': name='ourophais'(False), global='Ouroboros'(False), expected='elindy'
2026-05-10 09:29:25,206 INFO ✗ NOT creator 'ourophais': name='ourophais'(False), global='Ouroboros'(False), display='God Emperor'(False), expected='yaboiplappers'
2026-05-10 09:29:25,206 INFO ✗ NOT creator 'ourophais': name='ourophais'(False), global='Ouroboros'(False), display='God Emperor'(False), expected='yaboiplappers'
2026-05-10 09:29:25,206 INFO ✗ NOT mother 'ourophais': name='ourophais'(False), global='Ouroboros'(False), expected='elindy'
2026-05-10 09:29:25,937 INFO ✗ NOT creator 'ourophais': name='ourophais'(False), global='Ouroboros'(False), display='God Emperor'(False), expected='yaboiplappers'
2026-05-10 09:29:25,938 INFO ✗ NOT creator 'ourophais': name='ourophais'(False), global='Ouroboros'(False), display='God Emperor'(False), expected='yaboiplappers'
2026-05-10 09:29:25,938 INFO ✗ NOT mother 'ourophais': name='ourophais'(False), global='Ouroboros'(False), expected='elindy'
2026-05-10 09:29:26,668 INFO ✗ NOT creator 'ourophais': name='ourophais'(False), global='Ouroboros'(False), display='God Emperor'(False), expected='yaboiplappers'
2026-05-10 09:29:26,668 INFO ✗ NOT creator 'ourophais': name='ourophais'(False), global='Ouroboros'(False), display='God Emperor'(False), expected='yaboiplappers'
2026-05-10 09:29:26,668 INFO ✗ NOT mother 'ourophais': name='ourophais'(False), global='Ouroboros'(False), expected='elindy'
2026-05-10 09:29:32,020 INFO ✗ NOT creator 'dressperado': name='dressperado'(False), global='dressperado'(False), display='Matthew'(False), expected='yaboiplappers'
2026-05-10 09:29:32,020 INFO ✗ NOT creator 'dressperado': name='dressperado'(False), global='dressperado'(False), display='Matthew'(False), expected='yaboiplappers'
2026-05-10 09:29:32,020 INFO ✗ NOT mother 'dressperado': name='dressperado'(False), global='dressperado'(False), expected='elindy'
2026-05-10 09:30:13,671 INFO ✗ NOT creator 'ourophais': name='ourophais'(False), global='Ouroboros'(False), display='God Emperor'(False), expected='yaboiplappers'
2026-05-10 09:30:13,671 INFO ✗ NOT creator 'ourophais': name='ourophais'(False), global='Ouroboros'(False), display='God Emperor'(False), expected='yaboiplappers'
2026-05-10 09:30:13,671 INFO ✗ NOT mother 'ourophais': name='ourophais'(False), global='Ouroboros'(False), expected='elindy'
2026-05-10 09:30:29,130 INFO ✗ NOT creator 'ackquwa': name='ackquwa'(False), global='Ackquwa'(False), display='Ali'(False), expected='yaboiplappers'
2026-05-10 09:30:29,130 INFO ✗ NOT creator 'ackquwa': name='ackquwa'(False), global='Ackquwa'(False), display='Ali'(False), expected='yaboiplappers'
2026-05-10 09:30:29,130 INFO ✗ NOT mother 'ackquwa': name='ackquwa'(False), global='Ackquwa'(False), expected='elindy'
2026-05-10 09:30:39,943 INFO ✗ NOT creator 'ourophais': name='ourophais'(False), global='Ouroboros'(False), display='God Emperor'(False), expected='yaboiplappers'
2026-05-10 09:30:39,943 INFO ✗ NOT creator 'ourophais': name='ourophais'(False), global='Ouroboros'(False), display='God Emperor'(False), expected='yaboiplappers'
2026-05-10 09:30:39,943 INFO ✗ NOT mother 'ourophais': name='ourophais'(False), global='Ouroboros'(False), expected='elindy'
2026-05-10 10:33:22,537 INFO Debug log file initialized at C:\Users\samth\OneDrive\Desktop\School Stuff\IncubatorV2\The Digitan Files\bot_debug.log
2026-05-10 10:34:34,967 INFO Debug log file initialized at C:\Users\samth\OneDrive\Desktop\School Stuff\IncubatorV2\The Digitan Files\bot_debug.log
2026-05-10 10:34:38,592 INFO on_ready fired for Agnes Digitan#4286 (id=1490021973072412734), guild_count=3
2026-05-10 10:34:38,592 INFO Background tasks started
2026-05-10 10:34:38,592 INFO Commands in bot.tree before sync: 14
2026-05-10 10:34:38,973 INFO Globally synced 14 slash commands
